# Blender 5.2.0 LTS
# www.blender.org
mtllib Blazium_logo.mtl
o Blazium
v -0.281172 0.307233 0.284075
v -0.213448 0.910824 0.258538
v -0.277282 0.309895 -0.263073
v -0.201778 0.918808 -0.270015
v 0.473000 1.804595 -0.176401
v 0.855230 2.057843 -0.176401
v 0.473000 1.804595 0.176402
v 0.855230 2.057843 0.176402
v 1.270282 1.640773 0.248229
v 0.701418 1.634996 0.248229
v 1.270282 1.640773 -0.248229
v 0.701418 1.634997 -0.248229
v 0.779311 1.343598 -0.264759
v 1.284922 1.000825 -0.264759
v 0.779310 1.343598 0.264759
v 1.284922 1.000825 0.264759
v 0.950493 0.533375 0.264759
v 0.656912 1.094915 0.264759
v 0.950493 0.533375 -0.264759
v 0.656912 1.094915 -0.264759
v 0.453688 0.887658 -0.264759
v 0.587289 0.329776 -0.264759
v 0.453688 0.887658 0.264759
v 0.587289 0.329776 0.264759
v 0.117399 1.969761 0.055650
v 0.128489 1.801175 0.055650
v 0.128489 1.801175 -0.055649
v 0.117399 1.969761 -0.055649
v -0.110688 1.644287 0.001093
v 0.433546 2.097505 -0.122630
v 0.288425 1.829297 -0.122630
v 0.288425 1.829297 0.122631
v 0.433546 2.097505 0.122631
v -0.912999 0.572510 0.343736
v -0.463188 1.153229 0.238781
v -0.896666 0.562986 -0.264244
v -0.416248 1.124188 -0.284840
v -1.294594 1.196252 0.294117
v -0.521530 1.437899 0.257344
v -1.287616 1.191272 -0.291163
v -0.508830 1.421078 -0.269426
v 0.175708 0.281849 -0.264759
v 0.175708 0.280545 0.264759
v 0.119847 0.836254 0.264759
v 0.119847 0.840166 -0.264759
v -1.253824 1.844560 0.282389
v -0.468452 1.729696 0.279580
v -1.253053 1.843954 -0.286900
v -0.468195 1.727408 -0.279730
v -0.996310 2.261579 0.283857
v -0.243295 2.032578 0.283857
v -0.996310 2.261580 -0.283856
v -0.243295 2.032578 -0.283856
v -0.615372 2.681510 0.283857
v 0.096432 2.335659 0.283857
v -0.615373 2.681511 -0.283856
v 0.096432 2.335659 -0.283856
v -0.047161 3.275152 0.274755
v 0.590047 2.853139 0.273615
v -0.047161 3.275152 -0.273899
v 0.590047 2.853139 -0.270047
v 0.109074 3.874141 0.235390
v 0.776538 3.679047 0.226586
v 0.109074 3.874142 -0.226294
v 0.776538 3.679047 -0.213897
v -0.082009 4.324268 0.201433
v 0.465039 4.327127 0.180203
v -0.082009 4.324268 -0.173061
v 0.465039 4.327127 -0.188118
v -0.549025 4.762188 0.001456
v -0.546082 4.762328 -0.001454
v -0.549025 4.762188 -0.001454
v -0.546082 4.762327 0.001456
v -0.313602 4.580339 0.124377
v -0.032590 4.639430 0.107706
v -0.032590 4.639430 -0.129892
v -0.313602 4.580339 -0.099426
v -0.109707 1.641478 0.001093
v -0.109707 1.641478 -0.001093
v -0.110688 1.644287 -0.001093
v -0.030905 1.814163 -0.022993
v -0.030905 1.814163 0.022994
v 0.001441 1.729208 0.022994
v 0.001441 1.729208 -0.022993
v 1.047864 2.842448 0.120368
v 1.144241 3.071623 0.117726
v 1.047864 2.842448 -0.120367
v 1.144241 3.071623 -0.115462
v 1.607602 2.784365 0.120368
v 1.587136 3.065133 0.117726
v 1.607602 2.784365 -0.120367
v 1.587136 3.065133 -0.115462
v 1.178984 3.298356 0.105274
v 1.178984 3.298356 -0.092594
v 1.509593 3.300017 0.105274
v 1.509593 3.300017 -0.092594
v 1.170345 3.518276 0.079848
v 1.170345 3.518276 -0.063092
v 1.366197 3.542309 0.079848
v 1.366197 3.542309 -0.063092
v 1.111351 3.761165 0.001774
v 1.111351 3.761166 -0.001773
v 1.115687 3.762087 0.001774
v 1.115687 3.762087 -0.001773
v 0.928582 2.656053 0.120368
v 0.928582 2.656053 -0.120367
v 1.559158 2.522639 0.120368
v 1.559158 2.522639 -0.120367
v 0.784084 2.493474 0.120368
v 0.784084 2.493473 -0.120367
v 1.434706 2.299888 0.120368
v 1.434706 2.299888 -0.120367
v 0.622353 2.309723 0.120368
v 0.622353 2.309723 -0.120367
v 1.250850 2.094980 0.120368
v 1.250850 2.094980 -0.120367
v 1.327733 2.813406 0.180552
v 1.365689 3.068378 0.176023
v 1.344288 3.299186 0.154741
v 1.268271 3.530293 0.115583
v 1.113519 3.761626 0.002660
v 1.243870 2.589345 0.180552
v 1.117311 2.404051 0.180552
v 0.984098 2.246573 0.180552
v 1.327733 2.813406 -0.180551
v 1.365689 3.068378 -0.173758
v 1.344288 3.299186 -0.142061
v 1.268271 3.530293 -0.098827
v 1.113519 3.761626 -0.002659
v 1.243870 2.589346 -0.180551
v 1.117311 2.404051 -0.180551
v 0.984098 2.246573 -0.180551
v 1.509414 1.627504 0.199336
v 1.509414 1.627504 -0.228769
v 1.767761 1.848280 -0.181733
v 1.767761 1.848280 0.167111
v 1.574216 2.060221 -0.123592
v 1.965870 1.603446 -0.123592
v 1.574216 2.060221 0.108970
v 1.965870 1.603446 0.108970
v 1.389297 1.902463 -0.157418
v 1.549936 1.273521 -0.157418
v 1.389297 1.902463 0.127985
v 1.549936 1.273521 0.127985
v 1.898056 2.034551 -0.163896
v 1.898056 2.034551 0.154012
v 1.697193 2.211250 -0.110912
v 2.113342 1.848741 -0.110912
v 1.697193 2.211250 0.101028
v 2.113342 1.848741 0.101028
v 1.944400 2.253057 -0.150205
v 1.944400 2.253057 0.150174
v 1.767132 2.355626 -0.100142
v 2.123496 2.155061 -0.100142
v 1.767132 2.355626 0.100111
v 2.123496 2.155061 0.100111
v 1.937888 2.467222 -0.122248
v 1.937888 2.467222 0.122773
v 1.815412 2.487225 -0.081411
v 2.053646 2.463357 -0.081411
v 1.815412 2.487225 0.081936
v 2.053646 2.463356 0.081936
v 1.834509 2.794666 -0.000358
v 1.834509 2.794666 0.000358
v 1.834179 2.794668 -0.000238
v 1.834802 2.794674 -0.000238
v 1.834179 2.794668 0.000239
v 1.834802 2.794674 0.000239
v 1.834700 2.634880 0.043184
v 1.834700 2.634880 -0.043184
v 1.893679 2.644111 -0.064775
v 1.893679 2.644111 0.064776
v 1.946528 2.658317 -0.043184
v 1.946528 2.658317 0.043184
v 2.000604 1.318802 -0.000358
v 2.000604 1.318802 0.000358
v 2.000436 1.319086 -0.000239
v 2.000762 1.318555 -0.000239
v 2.000436 1.319086 0.000239
v 2.000762 1.318555 0.000239
v 1.887997 1.220120 0.025108
v 1.887997 1.220120 -0.025108
v 1.912551 1.196517 -0.037661
v 1.912551 1.196517 0.037662
v 1.939332 1.173528 -0.025108
v 1.939332 1.173529 0.025108
v 1.799973 1.146108 0.030082
v 1.799973 1.146108 -0.030081
v 1.832718 1.107232 -0.045122
v 1.832718 1.107232 0.045122
v 1.866446 1.071375 -0.030081
v 1.866446 1.071375 0.030082
v 1.700821 1.074620 0.032995
v 1.700821 1.074620 -0.032994
v 1.730195 1.015405 -0.049492
v 1.730195 1.015405 0.049492
v 1.772009 0.954661 -0.032994
v 1.772010 0.954661 0.032995
v 1.628031 1.028687 0.044647
v 1.628031 1.028687 -0.044647
v 1.638578 0.947688 -0.066970
v 1.638578 0.947688 0.066970
v 1.659573 0.849532 -0.044647
v 1.659573 0.849532 0.044647
v 1.570342 0.998202 0.047560
v 1.570342 0.998202 -0.047560
v 1.560169 0.893030 -0.071340
v 1.560169 0.893030 0.071340
v 1.500391 0.713825 -0.047560
v 1.500391 0.713825 0.047560
v 1.526702 0.977150 0.047560
v 1.526702 0.977150 -0.047560
v 1.472998 0.849592 -0.071340
v 1.472998 0.849592 0.071340
v 1.336986 0.638175 -0.047560
v 1.336986 0.638175 0.047560
v -1.845593 2.113095 0.072531
v -1.740586 2.512005 0.074431
v -1.832416 2.113410 -0.126661
v -1.735650 2.512709 -0.106705
v -1.445436 2.076316 0.235449
v -1.403128 2.455791 0.142475
v -1.439645 2.077475 -0.230737
v -1.397063 2.462812 -0.108161
v -1.857524 1.690187 0.065726
v -1.856274 1.684174 -0.117527
v -1.579000 1.668561 0.186408
v -1.568932 1.662304 -0.178715
v -1.768701 1.326405 0.052640
v -1.762863 1.327066 -0.064448
v -1.598349 1.350302 0.096501
v -1.589141 1.346980 -0.055013
v -1.565482 1.079073 0.000007
v -1.565605 1.079234 -0.000006
v -1.565417 1.079142 0.000004
v -1.565525 1.079247 -0.000005
v -1.697935 1.208179 0.032247
v -1.589738 1.236642 0.052148
v -1.588573 1.243956 -0.022618
v -1.697505 1.215928 -0.037969
v -1.595297 1.498248 0.152794
v -1.585391 1.487986 -0.111560
v -1.824492 1.487232 -0.096537
v -1.831623 1.491415 0.065697
v -1.860125 1.908481 0.068479
v -1.537773 1.873752 0.220841
v -1.529225 1.869507 -0.213919
v -1.855977 1.904833 -0.124479
v -1.800442 2.322312 0.077543
v -1.787942 2.322017 -0.122161
v -1.322961 2.299858 -0.161108
v -1.336406 2.294763 0.177393
v -1.643358 2.094875 -0.216427
v -1.567588 2.488050 -0.179182
v -1.721164 1.673156 -0.201608
v -1.679221 1.338564 -0.090290
v -1.565629 1.079299 -0.000011
v -1.643930 1.231678 -0.048891
v -1.706549 1.489443 -0.146845
v -1.698399 1.886627 -0.218027
v -1.581639 2.311953 -0.204812
v -1.664675 2.089450 0.194065
v -1.579062 2.487225 0.179327
v -1.734735 1.681464 0.172249
v -1.693348 1.338296 0.095435
v -1.565424 1.079029 0.000011
v -1.648605 1.221954 0.055875
v -1.721798 1.498134 0.143664
v -1.717196 1.889927 0.192220
v -1.605224 2.306160 0.190996
v -1.576988 2.887483 0.050994
v -1.579542 2.882215 -0.059831
v -1.402115 2.815571 0.081725
v -1.420833 2.778543 -0.106201
v -1.508846 2.845629 -0.140896
v -1.496762 2.876224 0.133360
v -1.421260 3.107261 0.000088
v -1.421260 3.107261 0.000133
v -1.421601 3.107324 0.000088
v -1.421601 3.107324 0.000133
v -1.421430 3.107292 -0.000459
v -1.421430 3.107293 0.000019
v -1.633293 1.132199 0.016368
v -1.577705 1.158549 -0.009029
v -1.577724 1.154763 0.024229
v -1.632720 1.137287 -0.018432
v -1.604553 1.150711 -0.022098
v -1.606839 1.145220 0.027280
v -1.673877 2.691871 -0.090027
v -1.550709 2.654501 -0.171120
v -1.410843 2.599161 -0.105700
v -1.405014 2.616906 0.113899
v -1.670388 2.694751 0.064870
v -1.546036 2.668708 0.159407
v -1.161698 3.087587 0.135263
v -0.872304 3.360132 0.135263
v -1.161698 3.087587 -0.135262
v -0.872303 3.360132 -0.135262
v -1.181101 2.526064 0.135263
v -0.582736 3.155494 0.135263
v -1.181101 2.526064 -0.135262
v -0.582736 3.155494 -0.135262
v -1.030711 3.192523 0.135263
v -1.030711 3.192522 -0.135262
v -0.817756 2.897692 -0.135262
v -0.817756 2.897693 0.135263
v -1.204818 2.786811 -0.202894
v -0.754195 3.279288 -0.202894
v -1.204818 2.786811 0.202894
v -0.754195 3.279289 0.202894
v -0.950095 3.056065 0.202894
v -0.950095 3.056064 -0.202894
v -0.799524 3.501725 0.126452
v -0.799524 3.501725 -0.126451
v -0.485937 3.427123 0.126452
v -0.485937 3.427123 -0.126451
v -0.669777 3.474173 -0.189676
v -0.669777 3.474173 0.189677
v -0.769637 3.663731 0.083724
v -0.769637 3.663731 -0.083723
v -0.550736 3.673957 0.083724
v -0.550736 3.673957 -0.083723
v -0.682870 3.674741 -0.125585
v -0.682870 3.674741 0.125586
v -0.799882 3.809463 0.038881
v -0.799882 3.809463 -0.038880
v -0.699464 3.837482 0.038881
v -0.699464 3.837482 -0.038880
v -0.760435 3.823528 -0.058320
v -0.760436 3.823529 0.058321
v -0.907312 3.948887 0.000873
v -0.907312 3.948887 -0.000872
v -0.905090 3.949737 0.000873
v -0.905090 3.949738 -0.000872
v -0.906432 3.949269 -0.001309
v -0.906432 3.949269 0.001309
v -0.292655 0.194892 0.013545
v -0.248769 0.608031 0.372153
v -0.194185 1.028488 -0.008783
v -0.238071 0.615349 -0.367391
v 0.401332 1.757110 0.000000
v 0.768012 1.492849 0.262693
v 1.336167 1.322472 -0.262692
v 0.592035 1.740909 -0.214456
v 0.926898 2.105327 0.000000
v 1.089073 1.895845 -0.214456
v 0.592035 1.740909 0.214456
v 0.664115 1.931219 -0.242552
v 0.594756 1.633913 0.000000
v 0.985850 1.637885 0.341315
v 0.985850 1.637885 -0.341315
v 1.032116 1.172211 0.364044
v 1.336167 1.322472 0.262693
v 0.768013 1.492849 -0.262692
v 1.089073 1.895845 0.214456
v 0.664115 1.931219 0.242552
v 1.379724 0.936554 0.000000
v 1.138187 0.732762 0.264759
v 0.734249 1.213594 -0.264759
v 0.803703 0.814145 -0.364043
v 1.138187 0.732762 -0.264759
v 0.734249 1.213594 0.264759
v 1.032116 1.172211 -0.364043
v 0.684508 1.407868 0.000000
v 0.770099 0.403621 -0.264759
v 0.803703 0.814145 0.364043
v 0.568519 0.978833 0.264759
v 0.612339 0.225173 0.000000
v 0.385119 0.294646 -0.264759
v 0.428637 0.992261 0.000000
v -0.033293 0.278196 0.267173
v 0.297044 0.843454 0.264759
v 0.520488 0.608717 0.364043
v -0.050891 0.864607 -0.265416
v 0.520488 0.608717 -0.364043
v 0.770099 0.403621 0.264759
v 0.568519 0.978833 -0.264759
v 1.005539 0.428086 0.000000
v 1.376944 1.641856 0.000000
v 0.601866 1.200204 0.000000
v 0.256829 2.042248 -0.088368
v 0.256829 2.042248 0.088368
v 0.205725 1.820250 -0.088368
v 0.122944 1.885468 0.076518
v 0.115320 2.001371 0.000000
v 0.373769 1.828950 -0.148719
v 0.633197 2.114962 -0.148719
v 0.633197 2.114962 0.148720
v 0.360985 1.963401 -0.168617
v 0.460756 2.147794 0.000000
v 0.360985 1.963401 0.168617
v 0.122944 1.885468 -0.076518
v -0.109523 1.640951 0.000000
v 0.130568 1.769565 0.000000
v 0.205725 1.820250 0.088368
v 0.373769 1.828950 0.148720
v -0.110197 1.642882 -0.001503
v -0.110872 1.644814 0.000000
v -0.110197 1.642882 0.001503
v 0.261214 1.779008 0.000000
v -0.992042 0.460693 0.051516
v -0.694025 0.866485 0.397346
v -0.352509 1.245764 -0.034800
v -0.650525 0.839971 -0.380630
v -0.324348 1.006161 -0.279752
v -0.357933 1.017239 0.246737
v -0.595871 0.395383 0.320506
v -0.584590 0.391709 -0.260692
v -1.436591 1.149563 0.002886
v -0.909907 1.319119 0.379985
v -0.369694 1.473687 -0.007450
v -0.896378 1.304131 -0.384549
v -0.477162 1.267017 -0.277557
v -0.511455 1.295149 0.244126
v -1.156326 0.854135 0.325619
v -1.142923 0.845209 -0.278213
v -0.032807 0.281626 -0.264548
v 0.385119 0.294483 0.264759
v -0.052350 0.854317 0.263981
v 0.297044 0.843943 -0.264759
v 0.186182 0.176757 0.000000
v 0.109374 0.942650 0.000000
v 0.147778 0.561497 -0.364043
v 0.147778 0.557910 0.364043
v -1.400648 1.865951 -0.002665
v -0.861235 1.787400 0.386790
v -0.321115 1.706857 0.000333
v -0.860527 1.785409 -0.389121
v -0.510348 1.574186 -0.272254
v -0.512546 1.581724 0.270385
v -1.317528 1.542241 0.281652
v -1.314823 1.540179 -0.291998
v -1.137500 2.304517 0.000000
v -0.619802 2.147079 0.390303
v -0.102105 1.989640 0.000000
v -0.619803 2.147079 -0.390302
v -0.372869 1.883019 0.283322
v -1.138927 2.073496 0.283673
v -0.372837 1.882732 -0.283340
v -1.138830 2.073420 -0.284237
v -0.748836 2.746358 0.000000
v -0.259470 2.508584 0.390303
v 0.229895 2.270811 0.000000
v -0.259470 2.508584 -0.390302
v -0.095390 2.174435 -0.283856
v -0.095390 2.174435 0.283857
v -0.834646 2.453646 0.283857
v -0.834646 2.453646 -0.283856
v -0.166638 3.354280 0.000174
v 0.271443 3.064146 0.376590
v 0.709523 2.774011 0.002039
v 0.271443 3.064146 -0.374377
v -0.318698 2.963269 -0.282611
v 0.347396 2.550775 -0.282130
v 0.347396 2.550776 0.282577
v -0.318698 2.963269 0.282719
v -0.016076 3.910722 0.004212
v 0.442806 3.776594 0.315566
v 0.901687 3.642467 0.006681
v 0.442806 3.776594 -0.304674
v 0.746086 3.254209 -0.242314
v 0.746086 3.254209 0.252374
v 0.093750 3.585650 0.256181
v 0.093750 3.585650 -0.253012
v -0.184580 4.323732 0.017588
v 0.191515 4.325697 0.260457
v 0.567610 4.327663 -0.007360
v 0.191515 4.325698 -0.250228
v 0.667373 4.045271 -0.198950
v 0.667373 4.045271 0.204013
v 0.034523 4.124071 0.219885
v 0.034523 4.124071 -0.200509
v -0.289824 4.712637 -0.071560
v 0.223637 4.519028 0.148758
v -0.430394 4.674499 0.066272
v -0.199126 4.470428 0.170038
v -0.289824 4.712636 0.057199
v 0.223637 4.519028 -0.167672
v -0.430394 4.674499 -0.052309
v -0.547553 4.762258 -0.002000
v -0.545530 4.762353 0.000001
v -0.547553 4.762258 0.002001
v -0.549576 4.762162 0.000001
v -0.199126 4.470429 -0.139762
v -0.366292 4.569260 0.016894
v -0.173096 4.609884 -0.157915
v 0.020100 4.650508 -0.015512
v -0.173096 4.609883 0.159297
v -0.073777 1.730519 -0.012043
v 0.026494 1.893435 0.035288
v -0.054887 1.685916 0.012044
v 0.061262 1.769383 -0.035288
v 0.026494 1.893435 -0.035288
v -0.073777 1.730519 0.012044
v 0.061262 1.769383 0.035288
v -0.054886 1.685916 -0.012043
v 0.007505 1.713279 0.000000
v -0.036970 1.830092 0.000000
v -0.014732 1.771686 0.031616
v -0.014732 1.771686 -0.031616
v 1.005884 2.846804 0.000000
v 1.101658 2.954190 0.120038
v 1.111024 3.072110 0.001132
v 1.101658 2.954189 -0.119754
v 1.166808 2.830105 -0.173028
v 1.493021 3.066512 -0.166471
v 1.605233 2.927880 -0.119754
v 1.649582 2.780009 0.000000
v 1.620353 3.064646 0.001132
v 1.605233 2.927880 0.120038
v 1.488658 2.796708 0.173029
v 1.238357 3.070244 0.168736
v 1.154188 3.298232 0.006340
v 1.439338 3.299664 -0.135877
v 1.534388 3.300141 0.006340
v 1.249238 3.298709 0.148557
v 1.168563 3.186918 0.112208
v 1.168563 3.186918 -0.105245
v 1.554856 3.185397 0.112208
v 1.554856 3.185397 -0.105245
v 1.155657 3.516474 0.008378
v 1.324578 3.537201 -0.094361
v 1.380886 3.544111 0.008378
v 1.211964 3.523383 0.111116
v 1.450162 3.421170 0.097284
v 1.180639 3.406921 0.097284
v 1.180639 3.406921 -0.080359
v 1.450162 3.421170 -0.080359
v 1.111026 3.761096 0.000000
v 1.114766 3.761891 -0.002548
v 1.116012 3.762156 0.000000
v 1.112273 3.761361 0.002549
v 1.250242 3.655010 -0.035571
v 1.250242 3.655010 0.045817
v 1.145151 3.637315 0.045817
v 1.145151 3.637315 -0.035571
v 0.881289 2.666059 0.000000
v 1.062580 2.627702 -0.173028
v 1.606451 2.512633 0.000000
v 1.425160 2.550989 0.173029
v 1.592678 2.648221 0.120368
v 1.592678 2.648221 -0.120367
v 0.990553 2.743579 0.120368
v 0.990553 2.743580 -0.120367
v 0.733308 2.506150 0.000000
v 0.927288 2.456943 -0.173028
v 1.481523 2.283527 0.000000
v 1.301396 2.345631 0.173029
v 1.506219 2.407501 0.120368
v 1.506220 2.407501 -0.120367
v 0.859451 2.575317 -0.120367
v 0.859451 2.575317 0.120368
v 0.563342 2.314773 0.000000
v 0.785594 2.291728 -0.173028
v 1.286113 2.067820 0.000000
v 1.146980 2.168251 0.173029
v 0.704333 2.404060 0.120368
v 1.347107 2.196458 0.120368
v 1.347107 2.196458 -0.120367
v 0.704333 2.404060 -0.120367
v 1.166808 2.830105 0.173029
v 1.493021 3.066512 0.168736
v 1.439338 3.299664 0.148557
v 1.324578 3.537202 0.111116
v 1.114766 3.761891 0.002549
v 1.062579 2.627702 0.173029
v 0.927288 2.456943 0.173029
v 0.785594 2.291728 0.173029
v 1.050458 2.323291 0.180552
v 1.183825 2.492330 0.180552
v 1.291616 2.695900 0.180552
v 1.197696 3.646162 0.066164
v 1.315401 3.414045 0.141695
v 1.361709 3.186157 0.166571
v 1.353445 2.941035 0.179986
v 1.488658 2.796708 -0.173028
v 1.238357 3.070244 -0.166471
v 1.249238 3.298709 -0.135877
v 1.211964 3.523383 -0.094361
v 1.112273 3.761361 -0.002548
v 1.425160 2.550989 -0.173028
v 1.301396 2.345631 -0.173028
v 1.146980 2.168251 -0.173028
v 1.050458 2.323291 -0.180551
v 1.183825 2.492330 -0.180551
v 1.291616 2.695900 -0.180551
v 1.197696 3.646162 -0.055918
v 1.315401 3.414045 -0.124770
v 1.361710 3.186157 -0.159608
v 1.353445 2.941035 -0.179702
v 0.984098 2.246573 0.000000
v 1.649510 1.742199 0.181665
v 1.540673 1.431866 0.190417
v 1.649510 1.742199 -0.202478
v 1.509414 1.627504 -0.014717
v 1.656016 1.973435 0.159843
v 1.881217 1.710790 0.159843
v 1.656016 1.973435 -0.174465
v 1.448306 1.793508 -0.219850
v 1.881217 1.710790 -0.174465
v 1.781689 1.448426 -0.138454
v 1.540673 1.431866 -0.219850
v 1.367300 1.939756 -0.014717
v 1.486662 1.981956 0.117641
v 1.545412 2.090368 -0.007311
v 1.995814 1.565077 -0.007311
v 1.781689 1.448426 0.117641
v 1.486662 1.981956 -0.138454
v 1.448306 1.793508 0.190417
v 1.552035 1.216473 -0.014717
v 1.781118 2.137064 0.147389
v 2.020404 1.928621 0.147389
v 1.781118 2.137064 -0.157273
v 2.020403 1.928621 -0.157273
v 1.667785 2.237299 -0.004942
v 2.146357 1.820414 -0.004942
v 2.068922 1.728002 0.103356
v 1.848161 1.941433 0.158064
v 2.068922 1.728002 -0.115476
v 1.848161 1.941433 -0.170183
v 1.644215 2.136416 -0.115476
v 1.644215 2.136416 0.103356
v 1.842288 2.311577 0.143916
v 2.047198 2.196251 0.143916
v 1.842288 2.311577 -0.143947
v 2.047198 2.196252 -0.143947
v 1.740633 2.371241 -0.000015
v 2.150452 2.140590 -0.000015
v 2.129537 1.993177 0.101190
v 1.928798 2.140277 0.152996
v 1.736333 2.285119 0.101190
v 1.736333 2.285119 -0.106037
v 1.928798 2.140277 -0.157844
v 2.129537 1.993177 -0.106037
v 1.868136 2.477110 0.117668
v 2.005121 2.463386 0.117668
v 1.868136 2.477110 -0.117143
v 2.005121 2.463386 -0.117143
v 1.796705 2.491032 0.000262
v 2.070674 2.463584 0.000262
v 1.946916 2.363768 0.140723
v 1.794091 2.421307 0.094022
v 2.096280 2.318571 -0.092781
v 2.096280 2.318572 0.094022
v 1.946916 2.363768 -0.139482
v 1.794091 2.421307 -0.092781
v 1.834323 2.794666 0.000343
v 1.834681 2.794670 0.000343
v 1.834323 2.794666 -0.000343
v 1.834681 2.794670 -0.000343
v 1.834127 2.794669 0.000000
v 1.834844 2.794677 0.000000
v 1.835733 2.714070 0.021712
v 1.828603 2.558615 -0.064066
v 1.919085 2.560285 -0.096116
v 1.864864 2.721141 0.032567
v 1.890567 2.729477 -0.021711
v 2.002110 2.573870 0.064133
v 1.828603 2.558615 0.064133
v 1.835733 2.714070 -0.021711
v 1.864864 2.721141 -0.032567
v 1.919085 2.560284 0.096182
v 2.002110 2.573870 -0.064066
v 1.890567 2.729477 0.021712
v 1.924681 2.651782 0.062077
v 1.924681 2.651782 -0.062076
v 1.954150 2.660696 0.000000
v 1.860379 2.638306 0.062077
v 1.860379 2.638306 -0.062076
v 1.825547 2.633744 0.000000
v 2.000509 1.318962 0.000343
v 2.000696 1.318656 0.000343
v 2.000509 1.318962 -0.000343
v 2.000696 1.318656 -0.000343
v 2.000411 1.319131 0.000000
v 2.000785 1.318520 0.000000
v 1.941296 1.267004 0.014538
v 1.955091 1.254121 0.021808
v 1.970660 1.241171 -0.014538
v 1.941296 1.267004 -0.014538
v 1.955092 1.254121 -0.021807
v 1.970660 1.241171 0.014538
v 1.927728 1.183237 0.036092
v 1.927728 1.183237 -0.036092
v 1.943461 1.170111 0.000000
v 1.898210 1.210027 0.036092
v 1.898210 1.210027 -0.036092
v 1.884425 1.223691 0.000000
v 1.852013 1.086312 0.043242
v 1.852013 1.086312 -0.043242
v 1.871554 1.066148 0.000000
v 1.813791 1.129284 0.043242
v 1.813791 1.129284 -0.043242
v 1.795111 1.152091 0.000000
v 1.905346 1.120988 -0.029460
v 1.874010 1.150115 -0.044190
v 1.843591 1.181552 -0.029460
v 1.905347 1.120988 0.029460
v 1.874010 1.150115 0.044190
v 1.843591 1.181552 0.029460
v 1.752994 0.980630 0.047430
v 1.752994 0.980630 -0.047430
v 1.778904 0.945474 0.000000
v 1.712061 1.049607 0.047430
v 1.712061 1.049607 -0.047430
v 1.697038 1.083426 0.000000
v 1.782868 1.060474 -0.045668
v 1.749910 1.108907 -0.030446
v 1.821162 1.013128 0.030446
v 1.821162 1.013128 -0.030446
v 1.782868 1.060474 0.045669
v 1.749910 1.108907 0.030446
v 1.649605 0.892964 0.064180
v 1.649605 0.892964 -0.064180
v 1.663244 0.833951 0.000000
v 1.631469 0.995978 0.064180
v 1.631468 0.995978 -0.064180
v 1.626971 1.039979 0.000000
v 1.661057 1.048516 -0.038821
v 1.661057 1.048516 0.038821
v 1.681784 0.978597 0.058231
v 1.720426 0.904238 -0.038821
v 1.681784 0.978597 -0.058231
v 1.720426 0.904238 0.038821
v 1.530757 0.797390 0.068367
v 1.530757 0.797390 -0.068367
v 1.488944 0.683243 0.000000
v 1.570979 0.960907 0.068367
v 1.570979 0.960907 -0.068367
v 1.569388 1.010277 0.000000
v 1.599330 0.919063 -0.070793
v 1.597603 1.012077 -0.047196
v 1.583787 0.780127 0.047196
v 1.583786 0.780127 -0.047196
v 1.599330 0.919063 0.070794
v 1.597603 1.012077 0.047196
v 1.403022 0.736413 0.068367
v 1.403022 0.736413 -0.068367
v 1.312469 0.602269 0.000000
v 1.512109 0.931324 0.068367
v 1.512109 0.931324 -0.068367
v 1.530643 0.992091 0.000000
v 1.547294 0.986953 0.047560
v 1.517693 0.870340 0.071340
v 1.417948 0.669010 -0.047560
v 1.517693 0.870340 -0.071340
v 1.547294 0.986953 -0.047560
v 1.417948 0.669010 0.047560
v 1.472998 0.849592 0.000000
v -1.867167 2.116813 -0.029666
v -1.771764 2.419520 0.077268
v -1.762415 2.515884 -0.018525
v -1.811993 2.218520 -0.125778
v -1.749193 2.105022 -0.187171
v -1.469435 2.474436 -0.170533
v -1.374249 2.200780 -0.229455
v -1.442540 2.076895 0.002356
v -1.373690 2.454871 0.019764
v -1.386559 2.196035 0.239172
v -1.554918 2.081336 0.220070
v -1.673558 2.502246 0.140600
v -1.876271 1.688660 -0.027384
v -1.798293 1.678762 -0.176599
v -1.573966 1.665433 0.003847
v -1.657770 1.675073 0.186024
v -1.860719 1.799574 0.066611
v -1.497773 1.971425 0.228275
v -1.553445 1.765022 -0.200515
v -1.847042 2.010123 -0.126014
v -1.777820 1.324831 -0.006859
v -1.726155 1.332436 -0.090608
v -1.593745 1.348641 0.020744
v -1.646184 1.344542 0.097616
v -1.598438 1.421266 0.125988
v -1.579230 1.570291 -0.146826
v -1.795784 1.401507 -0.080792
v -1.848939 1.587022 0.066359
v -1.565544 1.079152 0.000000
v -1.565635 1.079284 -0.000010
v -1.565471 1.079194 -0.000001
v -1.565418 1.079073 0.000008
v -1.599867 1.104192 0.008384
v -1.595027 1.288619 0.071628
v -1.571483 1.118530 -0.004425
v -1.729909 1.266077 -0.050076
v -1.732726 1.261281 0.042369
v -1.583830 1.193349 0.036991
v -1.589794 1.291683 -0.035884
v -1.665288 1.173358 -0.027724
v -1.705621 1.209672 -0.003670
v -1.589155 1.240299 0.014765
v -1.674120 1.223871 -0.051809
v -1.619169 1.229722 0.055148
v -1.589046 1.579048 0.170963
v -1.588111 1.412958 -0.080339
v -1.844820 1.581516 -0.109025
v -1.803425 1.403806 0.060935
v -1.772276 1.488181 -0.138469
v -1.657865 1.498870 0.152228
v -1.845647 1.488416 -0.017273
v -1.590344 1.493117 0.020617
v -1.856079 2.011416 0.070317
v -1.563499 1.770124 0.205033
v -1.492324 1.969260 -0.222724
v -1.859493 1.794209 -0.122157
v -1.533499 1.871629 0.003461
v -1.880826 1.909627 -0.030333
v -1.787459 1.896334 -0.187442
v -1.628274 1.881109 0.213687
v -1.826149 2.218355 0.075436
v -1.762468 2.419845 -0.115139
v -1.372879 2.397271 -0.129172
v -1.384353 2.388367 0.157514
v -1.720001 2.313914 0.147224
v -1.311377 2.332986 0.009423
v -1.457525 2.312194 -0.212686
v -1.823876 2.324946 -0.024647
v -1.539564 2.085739 -0.227805
v -1.664292 2.502179 -0.159271
v -1.643997 1.667676 -0.197856
v -1.633282 1.343283 -0.075879
v -1.565586 1.079281 -0.000009
v -1.615339 1.238229 -0.037610
v -1.644120 1.489225 -0.134309
v -1.611838 1.877729 -0.222784
v -1.699460 2.316011 -0.178641
v -1.608777 2.205471 -0.212694
v -1.674241 1.990163 -0.218273
v -1.717106 1.576921 -0.177299
v -1.662440 1.280288 -0.067484
v -1.584984 1.114472 -0.010880
v -1.693796 1.409103 -0.117073
v -1.714659 1.778833 -0.214072
v -1.570762 2.404416 -0.191664
v -1.769916 2.101971 0.147414
v -1.479689 2.468976 0.190151
v -1.805778 1.687214 0.133537
v -1.737385 1.331578 0.084742
v -1.565442 1.079029 0.000010
v -1.676855 1.213453 0.050912
v -1.785012 1.495213 0.118498
v -1.799980 1.900502 0.144551
v -1.479359 2.304028 0.216197
v -1.694403 1.988757 0.194802
v -1.730898 1.586320 0.159956
v -1.671839 1.274090 0.073734
v -1.586275 1.111848 0.013709
v -1.709682 1.414313 0.120559
v -1.730578 1.785280 0.183827
v -1.632184 2.198852 0.192941
v -1.589852 2.400358 0.186928
v -1.588790 2.886440 -0.004972
v -1.461944 2.806373 -0.146386
v -1.396981 2.785480 -0.013964
v -1.544785 2.886605 0.101698
v -1.550777 2.870748 -0.108158
v -1.441808 2.850020 0.130934
v -1.633858 2.783448 -0.078238
v -1.561461 2.570547 -0.173079
v -1.416011 2.674714 -0.114535
v -1.407833 2.532136 0.127449
v -1.629966 2.788298 0.060914
v -1.524287 2.768880 0.154642
v -1.421235 3.107257 0.000193
v -1.421528 3.107311 -0.000220
v -1.421626 3.107329 0.000193
v -1.421333 3.107275 0.000028
v -1.421333 3.107274 -0.000220
v -1.421528 3.107311 0.000028
v -1.504822 2.994931 0.029176
v -1.506012 2.991598 -0.032467
v -1.409747 2.952825 0.045776
v -1.461391 2.990010 0.077349
v -1.469155 2.970022 -0.081005
v -1.422312 2.928972 -0.063527
v -1.665366 1.165950 0.023899
v -1.584026 1.200067 -0.014389
v -1.571574 1.116955 0.012054
v -1.599395 1.106770 -0.009239
v -1.624392 1.189210 -0.034254
v -1.627159 1.180463 0.040890
v -1.592022 1.150758 0.026321
v -1.620200 1.144145 -0.024449
v -1.637292 1.132476 -0.001549
v -1.577715 1.156656 0.007600
v -1.590443 1.155279 -0.016261
v -1.621843 1.137712 0.025360
v -1.706750 2.602601 -0.098744
v -1.534807 2.742931 -0.166355
v -1.407047 2.529339 -0.101051
v -1.401501 2.707200 0.101754
v -1.706750 2.603207 0.069594
v -1.564566 2.575467 0.168209
v -1.472480 2.622687 -0.163469
v -1.466091 2.643289 0.162559
v -1.619032 2.685820 0.124662
v -1.689862 2.696973 -0.013425
v -1.386028 2.598904 0.005755
v -1.623374 2.678225 -0.144752
v -1.151888 3.134705 0.000000
v -0.947301 3.274344 0.135263
v -0.887352 3.370111 0.000000
v -1.101034 3.132881 -0.135262
v -1.186707 2.955754 -0.194440
v -0.660941 3.212402 -0.194440
v -0.989224 2.723731 -0.135262
v -1.174202 2.488954 0.000000
v -0.554350 3.134778 0.000000
v -0.989224 2.723731 0.135263
v -1.197864 2.632879 0.194440
v -0.827443 3.330068 0.194440
v -1.101034 3.132881 0.135263
v -0.947300 3.274344 -0.135262
v -0.682737 3.033720 -0.135262
v -0.682737 3.033720 0.135263
v -1.001621 3.136719 0.194440
v -0.795319 2.872841 0.000000
v -0.879172 2.967192 -0.194440
v -1.040217 3.211895 0.000000
v -1.197864 2.632879 -0.194440
v -0.827443 3.330068 -0.194440
v -1.186707 2.955754 0.194440
v -0.660941 3.212402 0.194440
v -0.879172 2.967192 0.194440
v -1.001621 3.136719 -0.194440
v -1.073935 2.925170 -0.202894
v -1.073935 2.925170 0.202894
v -1.204818 2.786811 0.000000
v -0.840650 3.173739 0.202894
v -0.840650 3.173739 -0.202894
v -0.816281 3.504883 0.000000
v -0.569478 3.449069 -0.181773
v -0.455657 3.419090 0.000000
v -0.749791 3.491965 0.181774
v -0.749791 3.491965 -0.181773
v -0.569478 3.449069 0.181774
v -0.826083 3.432285 0.134162
v -0.826083 3.432285 -0.134161
v -0.697622 3.376633 0.201242
v -0.697622 3.376633 -0.201241
v -0.514624 3.288450 -0.134161
v -0.514623 3.288450 0.134162
v -0.780383 3.661490 0.000000
v -0.611430 3.675469 -0.120352
v -0.528647 3.673249 0.000000
v -0.737298 3.669589 0.120353
v -0.737298 3.669590 -0.120352
v -0.611430 3.675469 0.120353
v -0.779914 3.581386 -0.107893
v -0.666901 3.577278 -0.161839
v -0.502267 3.558959 -0.107893
v -0.502267 3.558959 0.107894
v -0.779914 3.581386 0.107894
v -0.666901 3.577278 0.161840
v -0.804723 3.807347 0.000000
v -0.727529 3.831563 -0.055890
v -0.689242 3.839570 0.000000
v -0.785270 3.815452 0.055891
v -0.785270 3.815452 -0.055890
v -0.727529 3.831563 0.055891
v -0.617019 3.765439 0.060287
v -0.712963 3.755232 0.090431
v -0.774620 3.739058 0.060287
v -0.712963 3.755232 -0.090430
v -0.617019 3.765440 -0.060287
v -0.774620 3.739058 -0.060287
v -0.907421 3.948834 0.000000
v -0.905707 3.949529 -0.001254
v -0.904866 3.949812 0.000000
v -0.906984 3.949041 0.001255
v -0.906984 3.949041 -0.001254
v -0.905707 3.949529 0.001255
v -0.847329 3.879143 -0.019360
v -0.827776 3.887247 -0.029040
v -0.797858 3.896779 -0.019360
v -0.797858 3.896779 0.019361
v -0.847329 3.879143 0.019361
v -0.827776 3.887247 0.029041
v -0.294436 1.127604 -0.025210
v 1.442695 1.290527 0.000000
v 1.052089 1.407660 -0.361202
v 1.182267 1.924895 0.000000
v 0.498840 1.711859 0.000000
v 0.661484 1.524794 0.000000
v 0.341082 0.568907 0.364043
v 0.840554 1.818377 -0.294877
v 0.266411 2.083873 0.000000
v 0.840554 1.818377 0.294877
v 0.807895 0.295769 0.000000
v 0.669309 0.691227 0.364043
v 0.936218 0.973178 0.364043
v 1.213925 0.642606 0.000000
v 0.669309 0.691227 -0.364043
v 0.341082 0.569355 -0.364043
v 0.280530 0.946661 0.000000
v 0.401633 0.191602 0.000000
v 1.052089 1.407660 0.361202
v 0.530723 1.086686 0.000000
v 0.658511 1.303750 0.000000
v 0.936218 0.973178 -0.364043
v 0.196143 1.778625 0.000000
v 0.231277 1.931249 -0.121506
v 0.231277 1.931249 0.121506
v -0.064332 1.708218 -0.016559
v -0.064332 1.708218 0.016560
v -0.077319 1.738882 0.000000
v -0.051344 1.677553 0.000000
v 0.503483 1.971956 0.204490
v 0.681840 2.168590 0.000000
v 0.503483 1.971956 -0.204489
v 0.325126 1.775323 0.000000
v -0.636935 0.277642 0.038610
v -0.450263 0.697552 -0.374068
v -0.481108 0.707694 0.387467
v -0.371437 1.361973 -0.024294
v -1.272496 0.768782 0.031282
v -0.805571 1.052639 -0.383402
v -0.838362 1.078116 0.390390
v -0.029568 0.171245 0.001693
v -0.055103 0.968128 -0.001098
v -0.041667 0.574402 -0.364462
v -0.043004 0.564970 0.365057
v -0.360560 1.584844 -0.000140
v -1.467062 1.534320 -0.005968
v -0.912126 1.556282 -0.386778
v -0.915497 1.562882 0.380671
v -0.755910 1.978291 0.389864
v -0.229223 1.847141 0.000042
v -1.282508 2.109192 -0.000333
v -0.755821 1.978042 -0.390155
v 0.043221 2.122083 0.000000
v -0.973257 2.505997 0.000000
v -0.465018 2.314040 -0.390302
v -0.465018 2.314040 0.390303
v 0.014349 2.757022 -0.388312
v 0.014349 2.757022 0.388589
v 0.472289 2.473433 0.000255
v -0.443591 3.040611 0.000022
v 0.868399 3.192064 0.005676
v -0.028563 3.647796 0.000939
v 0.419918 3.419930 -0.341777
v 0.419918 3.419930 0.348391
v 0.786032 4.030495 0.001189
v -0.084136 4.138846 0.011030
v 0.350948 4.084671 -0.276919
v 0.350948 4.084671 0.289138
v -0.360109 4.693568 0.084923
v -0.263467 4.719788 -0.009836
v -0.360109 4.693568 -0.085123
v -0.456751 4.667348 0.009637
v -0.278394 4.461317 0.019749
v 0.012255 4.494729 -0.212426
v 0.302905 4.528140 -0.014068
v 0.012256 4.494729 0.218107
v 0.067781 1.746124 0.000000
v 0.019975 1.916695 0.000000
v 0.043878 1.831409 0.048521
v 0.043878 1.831409 -0.048521
v 1.063890 2.956163 0.000142
v 1.498223 2.933471 -0.172208
v 1.643001 2.925908 0.000142
v 1.208668 2.948599 0.172492
v 1.139591 3.187032 0.003481
v 1.472769 3.185720 0.159775
v 1.250650 3.186594 -0.152812
v 1.583828 3.185283 0.003481
v 1.392889 3.418142 0.136144
v 1.237913 3.409949 -0.119219
v 1.470376 3.422239 0.008463
v 1.160425 3.405852 0.008463
v 1.258124 3.656337 0.005123
v 1.137269 3.635988 0.005123
v 1.227910 3.651249 0.063621
v 1.167483 3.641074 -0.053375
v 1.637837 2.641069 0.000000
v 1.118505 2.723315 0.173029
v 1.464726 2.668485 -0.173028
v 0.945394 2.750731 0.000000
v 1.554480 2.394685 0.000000
v 0.810696 2.587673 0.000000
v 0.997508 2.540232 0.173029
v 1.369400 2.443738 -0.173028
v 0.856384 2.374339 0.173029
v 1.225979 2.254968 -0.173028
v 1.389131 2.175130 0.000000
v 0.649940 2.413872 0.000000
v 1.225979 2.254968 0.173029
v 1.369400 2.443738 0.173029
v 1.464726 2.668484 0.173029
v 1.167483 3.641075 0.063621
v 1.237913 3.409949 0.136144
v 1.250650 3.186595 0.159775
v 1.498223 2.933471 0.172492
v 0.856384 2.374339 -0.173028
v 0.997508 2.540232 -0.173028
v 1.118505 2.723316 -0.173028
v 1.227910 3.651249 -0.053375
v 1.392889 3.418142 -0.119219
v 1.472769 3.185720 -0.152812
v 1.208668 2.948599 -0.172208
v 0.779037 2.292289 0.000000
v 1.150898 2.165233 0.000000
v 1.460702 2.015219 -0.010406
v 1.799982 1.401660 -0.010407
v 1.540907 1.425527 -0.014717
v 1.558939 1.885461 0.173662
v 1.728580 1.578681 -0.194475
v 1.728580 1.578681 0.173662
v 1.558939 1.885461 -0.194475
v 1.445862 1.797652 -0.014717
v 1.973417 1.820555 0.151226
v 2.102877 1.695065 -0.006060
v 1.973417 1.820555 -0.163345
v 1.729210 2.055393 -0.163345
v 1.729210 2.055393 0.151226
v 1.614463 2.164742 -0.006060
v 2.043395 2.055920 0.146520
v 1.707877 2.306733 -0.002424
v 1.817303 2.223787 -0.151368
v 1.817303 2.223787 0.146520
v 2.160062 1.970999 -0.002424
v 2.043395 2.055920 -0.151368
v 1.859388 2.395619 0.134886
v 2.118512 2.312409 0.000621
v 2.033146 2.336546 -0.133644
v 2.033146 2.336546 0.134886
v 1.770995 2.430555 0.000621
v 1.859387 2.395619 -0.133644
v 1.831192 2.713073 0.000000
v 1.848457 2.716949 -0.031210
v 1.848457 2.716949 0.031210
v 1.894251 2.730790 0.000000
v 1.879986 2.725807 -0.031210
v 1.879986 2.725807 0.031210
v 1.967570 2.566905 0.092176
v 1.967570 2.566905 -0.092110
v 2.014192 2.576504 0.000033
v 1.867804 2.558133 0.092176
v 1.867804 2.558133 -0.092110
v 1.814658 2.558960 0.000033
v 1.939315 1.268934 0.000000
v 1.946982 1.261536 -0.020899
v 1.946982 1.261536 0.020899
v 1.973084 1.239225 0.000000
v 1.963866 1.246681 -0.020899
v 1.963866 1.246681 0.020899
v 1.891937 1.133136 -0.042348
v 1.856427 1.167960 -0.042348
v 1.910093 1.116734 0.000000
v 1.891936 1.133136 0.042348
v 1.839075 1.186383 0.000000
v 1.856427 1.167960 0.042349
v 1.763384 1.088214 -0.043765
v 1.827173 1.006081 0.000000
v 1.804354 1.033141 0.043766
v 1.745233 1.116227 0.000000
v 1.763383 1.088214 0.043766
v 1.804354 1.033141 -0.043765
v 1.658844 1.058782 0.000000
v 1.668074 1.019245 0.055805
v 1.702211 0.936285 -0.055805
v 1.668074 1.019245 -0.055805
v 1.727118 0.892862 0.000000
v 1.702212 0.936285 0.055805
v 1.600064 0.977138 -0.067844
v 1.580591 0.756991 0.000000
v 1.592119 0.843767 0.067844
v 1.596480 1.023733 0.000000
v 1.600064 0.977138 0.067844
v 1.592119 0.843767 -0.067844
v 1.541728 0.945864 0.068367
v 1.467354 0.763047 -0.068367
v 1.541728 0.945864 -0.068367
v 1.399479 0.634574 0.000000
v 1.467354 0.763047 0.068367
v 1.548227 1.000209 0.000000
v 1.512546 0.932984 0.000000
v 1.400297 0.732423 0.000000
v -1.794662 2.422689 -0.021422
v -1.458281 2.400478 -0.190523
v -1.348735 2.394391 0.016577
v -1.696673 2.410902 0.145410
v -1.745728 2.208470 0.147624
v -1.805968 1.793854 0.139576
v -1.632709 1.771640 -0.214943
v -1.880762 1.799248 -0.029584
v -1.558472 1.767573 0.002259
v -1.593274 1.417112 0.022825
v -1.814639 1.401083 -0.011400
v -1.764015 1.408892 0.103240
v -1.639481 1.411608 -0.102713
v -1.593983 1.107511 0.012853
v -1.577866 1.116927 -0.007960
v -1.571529 1.117742 0.003815
v -1.601838 1.104146 -0.000696
v -1.741034 1.261525 -0.004649
v -1.592410 1.290151 0.017872
v -1.625325 1.286398 -0.054210
v -1.707234 1.266356 0.066797
v -1.646696 1.573867 -0.168663
v -1.798927 1.587686 0.127611
v -1.865611 1.584517 -0.023013
v -1.584138 1.574670 0.012069
v -1.495049 1.970342 0.002776
v -1.877097 2.014221 -0.030456
v -1.580953 1.979485 -0.226168
v -1.788119 2.001232 0.146824
v -1.378370 2.202372 0.005001
v -1.491243 2.202679 -0.226605
v -1.848849 2.221584 -0.027594
v -1.723656 2.211750 -0.184449
v -1.771047 2.001176 -0.188063
v -1.789187 1.579196 -0.160392
v -1.700490 1.272999 -0.069579
v -1.592951 1.110709 -0.012172
v -1.750591 1.404977 -0.114294
v -1.797246 1.786795 -0.184717
v -1.680672 2.412111 -0.169192
v -1.596165 1.979044 0.218160
v -1.659945 1.583167 0.170965
v -1.633773 1.281583 0.073950
v -1.578760 1.114890 0.013152
v -1.653760 1.418290 0.125884
v -1.648216 1.777334 0.201645
v -1.510690 2.195754 0.222461
v -1.476165 2.391661 0.204824
v -1.593597 2.769853 -0.133643
v -1.389716 2.679466 -0.006638
v -1.646345 2.788619 -0.009250
v -1.586902 2.783417 0.119372
v -1.453943 2.740931 0.154425
v -1.469927 2.703185 -0.166084
v -1.510983 2.993958 -0.001962
v -1.431170 2.974253 0.075332
v -1.487544 2.995386 0.058638
v -1.444566 2.945966 -0.085720
v -1.490987 2.985055 -0.060712
v -1.408188 2.933737 -0.010276
v -1.605273 1.187590 0.039831
v -1.647300 1.181451 -0.037205
v -1.671481 1.167126 -0.002629
v -1.583928 1.196708 0.011301
v -1.603323 1.195208 -0.025549
v -1.648849 1.171765 0.037556
v -1.473565 2.547556 -0.162121
v -1.475920 2.552322 0.174531
v -1.647679 2.592859 0.132241
v -1.727719 2.606770 -0.016221
v -1.383511 2.523779 0.015718
v -1.646012 2.590011 -0.151770
v -0.960735 3.287465 0.000000
v -0.754976 3.097169 -0.194440
v -0.656487 3.010746 0.000000
v -0.907100 3.235529 0.194440
v -1.197098 2.628755 0.000000
v -1.095278 3.043977 -0.194440
v -1.095278 3.043977 0.194440
v -0.973637 2.693829 0.000000
v -1.030988 2.808716 -0.194440
v -1.102218 3.164351 0.000000
v -1.030988 2.808716 0.194440
v -1.185617 2.960989 0.000000
v -0.754976 3.097170 0.194440
v -0.907100 3.235529 -0.194440
v -0.842625 3.439006 0.000000
v -0.776941 3.411886 0.192857
v -0.597852 3.329181 -0.192856
v -0.597852 3.329181 0.192857
v -0.776941 3.411886 -0.192856
v -0.484447 3.273596 0.000000
v -0.737046 3.581061 -0.155096
v -0.474991 3.555500 0.000000
v -0.794285 3.581292 0.000000
v -0.577399 3.568166 0.155097
v -0.737046 3.581061 0.155097
v -0.577399 3.568166 -0.155096
v -0.661224 3.761698 0.086663
v -0.751844 3.746529 0.086663
v -0.661224 3.761698 -0.086662
v -0.751844 3.746529 -0.086662
v -0.600913 3.766673 0.000000
v -0.782154 3.736333 0.000000
v -0.840056 3.882445 -0.027830
v -0.792852 3.898280 0.000000
v -0.849744 3.877999 0.000000
v -0.811610 3.892585 0.027831
v -0.840056 3.882444 0.027831
v -0.811610 3.892585 -0.027830
vn -0.0784 -0.6737 0.7348
vn 0.3062 0.6021 0.7373
vn -0.1343 -0.6804 -0.7205
vn 0.3403 0.5772 -0.7423
vn -0.3883 -0.5041 -0.7715
vn 0.2319 0.7146 -0.6600
vn -0.3883 -0.5041 0.7715
vn 0.2319 0.7146 0.6600
vn 0.6446 0.3347 0.6874
vn -0.5913 -0.2754 0.7579
vn 0.6446 0.3347 -0.6874
vn -0.5913 -0.2754 -0.7579
vn -0.6579 0.0871 -0.7481
vn 0.6662 -0.2241 -0.7113
vn -0.6579 0.0871 0.7481
vn 0.6662 -0.2241 0.7113
vn 0.4533 -0.5161 0.7268
vn -0.5642 0.3916 0.7268
vn 0.4533 -0.5161 -0.7268
vn -0.5642 0.3916 -0.7268
vn -0.2989 0.5891 -0.7508
vn 0.1912 -0.6736 -0.7140
vn -0.2995 0.5889 0.7506
vn 0.1915 -0.6735 0.7139
vn -0.5072 0.5263 0.6825
vn -0.0506 -0.6047 0.7949
vn -0.0506 -0.6047 -0.7949
vn -0.5072 0.5263 -0.6825
vn -0.5776 0.1456 0.8032
vn -0.2448 0.7355 -0.6317
vn -0.2185 -0.6032 -0.7671
vn -0.2185 -0.6032 0.7671
vn -0.2448 0.7355 0.6317
vn -0.3886 -0.4873 0.7820
vn 0.5863 0.3149 0.7464
vn -0.4191 -0.5470 -0.7247
vn 0.5502 0.3040 -0.7777
vn -0.6321 -0.1101 0.7670
vn 0.6255 -0.0300 0.7796
vn -0.6161 -0.1644 -0.7703
vn 0.6151 0.0599 -0.7861
vn 0.0218 -0.6955 -0.7182
vn 0.0301 -0.6978 0.7157
vn 0.0247 0.6810 0.7319
vn 0.0389 0.6847 -0.7278
vn -0.6124 0.2076 0.7628
vn 0.5494 -0.2700 0.7907
vn -0.6071 0.2161 -0.7647
vn 0.5564 -0.2595 -0.7894
vn -0.5074 0.4045 0.7608
vn 0.4687 -0.4457 0.7627
vn -0.5072 0.4052 -0.7606
vn 0.4689 -0.4454 -0.7627
vn -0.4536 0.4582 0.7644
vn 0.4196 -0.4947 0.7611
vn -0.4535 0.4583 -0.7644
vn 0.4199 -0.4942 -0.7612
vn -0.4850 0.3497 0.8016
vn 0.5692 -0.3001 0.7654
vn -0.4804 0.3525 -0.8031
vn 0.5742 -0.2940 -0.7641
vn -0.5803 -0.0115 0.8143
vn 0.6519 0.1175 0.7491
vn -0.5774 0.0082 -0.8164
vn 0.6545 0.1151 -0.7473
vn -0.5426 -0.2433 0.8040
vn 0.5005 0.5543 0.6650
vn -0.5758 -0.2682 -0.7724
vn 0.4879 0.5227 -0.6991
vn -0.6677 -0.4829 0.5665
vn 0.0213 0.8495 -0.5272
vn -0.6418 -0.5673 -0.5161
vn 0.0731 0.8867 0.4565
vn -0.5629 -0.2183 0.7972
vn 0.2353 0.8360 0.4957
vn 0.2027 0.7960 -0.5703
vn -0.5867 -0.3550 -0.7278
vn 0.2755 -0.5381 0.7966
vn 0.2755 -0.5381 -0.7966
vn -0.5776 0.1456 -0.8032
vn -0.6103 0.2649 -0.7466
vn -0.6103 0.2649 0.7466
vn 0.1907 -0.4979 0.8460
vn 0.1907 -0.4979 -0.8460
vn -0.6593 0.3471 0.6670
vn -0.7425 0.2296 0.6293
vn -0.6590 0.3476 -0.6670
vn -0.7380 0.2460 -0.6284
vn 0.7413 -0.0344 0.6703
vn 0.7694 0.1691 0.6160
vn 0.7412 -0.0337 -0.6704
vn 0.7662 0.1837 -0.6158
vn -0.8014 0.0812 0.5925
vn -0.8005 0.1079 -0.5895
vn 0.7473 0.3619 0.5572
vn 0.7420 0.3830 -0.5502
vn -0.8330 -0.0037 0.5533
vn -0.8343 -0.0205 -0.5509
vn 0.6328 0.6187 0.4656
vn 0.6378 0.6136 -0.4655
vn -0.8852 -0.0786 0.4585
vn -0.8745 -0.1097 -0.4725
vn 0.4872 0.7766 0.3995
vn 0.4990 0.7590 -0.4182
vn -0.5691 0.4424 0.6931
vn -0.5691 0.4424 -0.6931
vn 0.6735 -0.2430 0.6981
vn 0.6735 -0.2430 -0.6981
vn -0.5293 0.4800 0.6997
vn -0.5293 0.4800 -0.6997
vn 0.5718 -0.4307 0.6982
vn 0.5718 -0.4307 -0.6982
vn -0.6930 -0.3703 0.6186
vn -0.6930 -0.3703 -0.6186
vn 0.0440 -0.8420 0.5377
vn 0.0440 -0.8420 -0.5377
vn 0.0017 0.0046 1.0000
vn 0.0033 0.0578 0.9983
vn 0.0006 0.1107 0.9939
vn -0.0315 0.2921 0.9559
vn -0.0919 0.4277 0.8993
vn 0.0017 0.0007 1.0000
vn 0.0006 -0.0001 1.0000
vn -0.2264 -0.6293 0.7434
vn 0.0018 0.0057 -1.0000
vn 0.0037 0.0852 -0.9964
vn 0.0001 0.1532 -0.9882
vn -0.0282 0.2703 -0.9624
vn -0.0826 0.3672 -0.9265
vn 0.0017 0.0007 -1.0000
vn 0.0006 -0.0001 -1.0000
vn -0.2264 -0.6293 -0.7434
vn -0.6119 -0.1602 0.7745
vn -0.5943 -0.1514 -0.7899
vn 0.0852 0.0673 -0.9941
vn 0.0624 0.0495 0.9968
vn -0.4589 0.5653 -0.6855
vn 0.5354 -0.4754 -0.6981
vn -0.4766 0.5470 0.6882
vn 0.5239 -0.4843 0.7007
vn -0.8233 0.1805 -0.5381
vn -0.3927 -0.6903 -0.6077
vn -0.8365 0.1664 0.5221
vn -0.3990 -0.6930 0.6004
vn 0.0428 0.0465 -0.9980
vn 0.0202 0.0195 0.9996
vn -0.5905 0.4052 -0.6979
vn 0.7305 -0.1478 -0.6668
vn -0.6105 0.3822 0.6937
vn 0.7246 -0.1624 0.6698
vn 0.0465 0.0811 -0.9956
vn 0.0308 0.0556 0.9980
vn -0.6811 0.3447 -0.6460
vn 0.8049 0.1017 -0.5846
vn -0.6904 0.3219 0.6478
vn 0.8012 0.0887 0.5918
vn 0.0268 0.2205 -0.9750
vn 0.0277 0.2261 0.9737
vn -0.7557 0.3040 -0.5801
vn 0.7848 0.3504 -0.5111
vn -0.7545 0.3085 0.5793
vn 0.7844 0.3525 0.5104
vn -0.1130 0.3591 -0.9264
vn -0.1131 0.3591 0.9264
vn -0.8737 0.1095 -0.4740
vn 0.5930 0.6593 -0.4623
vn -0.8737 0.1095 0.4740
vn 0.5930 0.6593 0.4622
vn -0.8311 0.1817 0.5257
vn -0.8310 0.1815 -0.5258
vn -0.0613 0.3495 -0.9349
vn -0.0613 0.3498 0.9348
vn 0.6552 0.5953 -0.4651
vn 0.6552 0.5954 0.4650
vn 0.1587 0.2083 -0.9651
vn 0.1587 0.2083 0.9651
vn -0.5227 0.7193 -0.4577
vn 0.8171 -0.2195 -0.5330
vn -0.5227 0.7193 0.4577
vn 0.8171 -0.2195 0.5330
vn -0.5099 0.6717 0.5375
vn -0.5099 0.6717 -0.5375
vn 0.1098 0.1194 -0.9868
vn 0.1098 0.1194 0.9868
vn 0.7649 -0.3621 -0.5328
vn 0.7649 -0.3621 0.5328
vn -0.4898 0.6342 0.5983
vn -0.4898 0.6342 -0.5983
vn 0.0113 0.0083 -0.9999
vn 0.0113 0.0083 0.9999
vn 0.6376 -0.4956 -0.5899
vn 0.6376 -0.4956 0.5899
vn -0.3997 0.6750 0.6201
vn -0.3997 0.6750 -0.6201
vn 0.0897 0.0488 -0.9948
vn 0.0897 0.0488 0.9948
vn 0.5844 -0.4901 -0.6468
vn 0.5844 -0.4901 0.6468
vn -0.3321 0.7260 0.6023
vn -0.3321 0.7260 -0.6023
vn 0.1227 0.0287 -0.9920
vn 0.1227 0.0287 0.9920
vn 0.5350 -0.5449 -0.6457
vn 0.5350 -0.5449 0.6457
vn -0.3602 0.7263 0.5854
vn -0.3602 0.7263 -0.5854
vn 0.0082 0.0015 -1.0000
vn 0.0082 0.0015 1.0000
vn 0.4002 -0.5915 -0.6999
vn 0.4002 -0.5915 0.6999
vn -0.6601 0.5935 0.4604
vn -0.6601 0.5935 -0.4604
vn -0.6028 0.3190 -0.7313
vn -0.6028 0.3190 0.7313
vn -0.6084 -0.2606 -0.7496
vn -0.6084 -0.2606 0.7496
vn -0.8695 0.1260 0.4776
vn -0.8195 0.2990 0.4888
vn -0.7919 0.1385 -0.5948
vn -0.7727 0.2819 -0.5687
vn 0.5718 -0.3153 0.7574
vn 0.7828 0.2405 0.5739
vn 0.6164 -0.3197 -0.7196
vn 0.8399 0.2862 -0.4612
vn -0.9097 -0.0577 0.4111
vn -0.8729 -0.0932 -0.4789
vn 0.6701 -0.2082 0.7125
vn 0.7587 -0.2529 -0.6003
vn -0.7833 -0.4506 0.4283
vn -0.7067 -0.4699 -0.5290
vn 0.7073 -0.2430 0.6638
vn 0.8614 -0.1753 -0.4767
vn -0.2942 -0.6392 0.7105
vn -0.4849 -0.7468 -0.4551
vn 0.4471 -0.2045 0.8708
vn 0.9611 0.1184 -0.2497
vn -0.6845 -0.5784 0.4438
vn 0.7573 -0.1394 0.6380
vn 0.8788 -0.0457 -0.4750
vn -0.5923 -0.5557 -0.5835
vn 0.6675 -0.2334 0.7071
vn 0.8175 -0.2555 -0.5162
vn -0.8035 -0.3054 -0.5109
vn -0.8727 -0.2397 0.4254
vn -0.9035 0.0229 0.4279
vn 0.5985 -0.2648 0.7561
vn 0.6909 -0.2646 -0.6728
vn -0.8529 0.0426 -0.5204
vn -0.8325 0.2185 0.5091
vn -0.7550 0.2226 -0.6168
vn 0.8749 0.0548 -0.4811
vn 0.8332 0.0297 0.5522
vn -0.1799 0.0680 -0.9813
vn -0.0517 0.1378 -0.9891
vn -0.1400 -0.1764 -0.9743
vn 0.1746 -0.3137 -0.9333
vn 0.3210 -0.1137 -0.9402
vn 0.2718 -0.2238 -0.9360
vn 0.0253 -0.3293 -0.9439
vn -0.1895 0.0052 -0.9819
vn -0.1317 0.1452 -0.9806
vn -0.3121 0.0876 0.9460
vn -0.2219 0.1536 0.9629
vn -0.3398 -0.1081 0.9343
vn -0.0976 -0.3358 0.9369
vn 0.1277 -0.3120 0.9415
vn 0.0157 -0.3237 0.9460
vn -0.2401 -0.2368 0.9414
vn -0.3643 0.0056 0.9313
vn -0.2724 0.0985 0.9571
vn -0.7891 0.5132 0.3377
vn -0.7613 0.5348 -0.3666
vn 0.9364 0.0940 0.3381
vn 0.8679 0.0996 -0.4867
vn -0.1085 0.3712 -0.9222
vn -0.1335 0.3636 0.9219
vn -0.7411 0.6187 0.2606
vn -0.7298 0.6171 -0.2942
vn 0.9534 0.1504 0.2614
vn 0.9067 0.1382 -0.3985
vn -0.0471 0.5189 -0.8535
vn -0.0775 0.5672 0.8199
vn -0.5413 -0.6964 0.4712
vn 0.8674 0.0721 -0.4923
vn 0.7793 -0.0765 0.6220
vn -0.4406 -0.6144 -0.6545
vn 0.3088 -0.1294 -0.9423
vn 0.0992 -0.3123 0.9448
vn -0.8064 0.3613 -0.4682
vn -0.1159 0.0693 -0.9908
vn 0.8685 -0.0017 -0.4957
vn 0.8679 0.0392 0.4951
vn -0.8232 0.3509 0.4463
vn -0.2093 0.1313 0.9690
vn -0.7648 0.4976 0.4093
vn -0.7212 0.5431 0.4301
vn -0.7648 0.4976 -0.4093
vn -0.7212 0.5431 -0.4301
vn -0.2918 -0.8086 0.5109
vn 0.6809 -0.4446 0.5821
vn -0.2918 -0.8086 -0.5109
vn 0.6809 -0.4446 -0.5821
vn -0.6005 0.6516 0.4635
vn -0.6005 0.6516 -0.4635
vn 0.5782 -0.5710 -0.5828
vn 0.5782 -0.5710 0.5828
vn -0.7023 0.0022 -0.7119
vn -0.0009 0.0103 -0.9999
vn -0.7023 0.0022 0.7119
vn -0.0009 0.0103 0.9999
vn -0.0051 0.0052 1.0000
vn -0.0051 0.0052 -1.0000
vn -0.8398 0.3345 0.4277
vn -0.8398 0.3345 -0.4277
vn 0.8278 0.0160 0.5609
vn 0.8278 0.0160 -0.5609
vn 0.0364 0.1828 -0.9825
vn 0.0364 0.1828 0.9825
vn -0.9015 0.1502 0.4059
vn -0.9015 0.1502 -0.4059
vn 0.7007 0.5031 0.5060
vn 0.7007 0.5031 -0.5060
vn -0.0211 0.3671 -0.9299
vn -0.0211 0.3671 0.9299
vn -0.8486 -0.3049 0.4324
vn -0.8486 -0.3049 -0.4324
vn 0.4594 0.7614 0.4574
vn 0.4594 0.7614 -0.4574
vn -0.0959 0.3492 -0.9321
vn -0.0959 0.3492 0.9321
vn -0.7495 -0.5449 0.3761
vn -0.7495 -0.5449 -0.3760
vn 0.3129 0.8080 0.4992
vn 0.3129 0.8080 -0.4992
vn -0.1336 0.2584 -0.9568
vn -0.1336 0.2584 0.9568
vn -0.1666 -0.9860 -0.0020
vn 0.0711 0.0147 0.9974
vn 0.5236 0.8515 0.0278
vn 0.0289 -0.0328 -0.9990
vn -0.3846 -0.9231 -0.0000
vn -0.6564 -0.1327 0.7427
vn 0.7105 0.0337 -0.7028
vn -0.5068 -0.3985 -0.7645
vn 0.4212 0.9070 -0.0000
vn 0.4618 0.5810 -0.6702
vn -0.5068 -0.3985 0.7645
vn -0.1341 0.2314 -0.9636
vn -0.7900 -0.6131 -0.0000
vn 0.0157 0.1485 0.9888
vn 0.0157 0.1485 -0.9888
vn 0.0350 -0.0067 0.9994
vn 0.7105 0.0337 0.7028
vn -0.6564 -0.1327 -0.7427
vn 0.4618 0.5810 0.6702
vn -0.1341 0.2314 0.9636
vn 0.9402 -0.3406 -0.0000
vn 0.5603 -0.4055 0.7223
vn -0.6023 0.2907 -0.7434
vn -0.0049 -0.0152 -0.9999
vn 0.5603 -0.4055 -0.7223
vn -0.6023 0.2907 0.7434
vn 0.0350 -0.0067 -0.9994
vn -0.9984 0.0559 -0.0000
vn 0.3344 -0.6079 -0.7201
vn -0.0049 -0.0152 0.9999
vn -0.4846 0.4744 0.7350
vn 0.2611 -0.9653 -0.0001
vn 0.0816 -0.6957 -0.7137
vn -0.4890 0.8723 0.0002
vn -0.0145 -0.6972 0.7167
vn -0.1047 0.6670 0.7376
vn -0.0021 -0.0309 0.9995
vn 0.1728 0.6604 -0.7307
vn -0.0020 -0.0311 -0.9995
vn 0.3344 -0.6079 0.7201
vn -0.4846 0.4744 -0.7350
vn 0.6450 -0.7642 -0.0000
vn 0.9229 0.3851 -0.0000
vn -0.8416 0.5401 -0.0000
vn -0.4059 0.6534 -0.6390
vn -0.4059 0.6534 0.6390
vn -0.1819 -0.6155 -0.7668
vn -0.3394 -0.0000 0.9407
vn -0.5825 0.8128 -0.0000
vn -0.2698 -0.5712 -0.7752
vn -0.0201 0.7630 -0.6461
vn -0.0201 0.7630 0.6461
vn -0.2951 0.1513 -0.9434
vn -0.2048 0.9788 -0.0000
vn -0.2951 0.1513 0.9434
vn -0.3394 -0.0000 -0.9407
vn 0.5356 -0.8445 -0.0000
vn 0.2006 -0.9797 -0.0000
vn -0.1819 -0.6155 0.7668
vn -0.2698 -0.5712 0.7752
vn -0.1342 -0.1340 -0.9819
vn -0.9412 0.3378 -0.0000
vn -0.1342 -0.1340 0.9819
vn -0.0651 -0.9979 -0.0000
vn -0.6160 -0.7875 0.0192
vn 0.0826 0.0486 0.9954
vn 0.9192 0.3937 0.0047
vn -0.0026 -0.0564 -0.9984
vn 0.4780 0.4387 -0.7609
vn 0.4688 0.4969 0.7303
vn -0.1938 -0.6158 0.7637
vn -0.2591 -0.6472 -0.7169
vn -0.9722 -0.2339 -0.0115
vn 0.0238 0.0099 0.9997
vn 0.9997 -0.0117 0.0203
vn 0.0005 -0.0121 -0.9999
vn 0.5936 0.1870 -0.7827
vn 0.6336 0.1092 0.7659
vn -0.5555 -0.2930 0.7782
vn -0.5466 -0.3706 -0.7509
vn -0.0416 -0.6926 -0.7201
vn 0.0835 -0.6959 0.7133
vn 0.1466 0.6564 0.7400
vn -0.1000 0.6679 -0.7375
vn 0.0420 -0.9991 -0.0032
vn 0.0585 0.9982 0.0091
vn 0.0074 -0.0104 -0.9999
vn 0.0079 -0.0087 0.9999
vn -0.9480 0.3182 -0.0019
vn -0.0182 -0.0139 0.9997
vn 0.8993 -0.4373 0.0033
vn -0.0119 -0.0017 -0.9999
vn 0.6012 -0.0976 -0.7931
vn 0.5924 -0.1391 0.7935
vn -0.6414 0.0507 0.7655
vn -0.6323 0.0404 -0.7736
vn -0.7869 0.6171 0.0002
vn -0.0056 -0.0013 1.0000
vn 0.7132 -0.7010 -0.0000
vn -0.0053 -0.0007 -1.0000
vn 0.5070 -0.3810 0.7731
vn -0.5546 0.3423 0.7584
vn 0.5089 -0.3788 -0.7730
vn -0.5526 0.3474 -0.7576
vn -0.7103 0.7039 -0.0000
vn -0.0019 -0.0024 1.0000
vn 0.6412 -0.7674 -0.0001
vn -0.0016 -0.0022 -1.0000
vn 0.4339 -0.4838 -0.7600
vn 0.4339 -0.4838 0.7600
vn -0.4824 0.4343 0.7607
vn -0.4824 0.4343 -0.7607
vn -0.8327 0.5538 -0.0008
vn 0.0474 0.0277 0.9985
vn 0.8716 -0.4902 -0.0000
vn 0.0550 0.0330 -0.9979
vn -0.4455 0.4399 -0.7797
vn 0.4709 -0.4413 -0.7639
vn 0.4689 -0.4438 0.7637
vn -0.4466 0.4394 0.7794
vn -0.9929 -0.1187 -0.0039
vn 0.0637 0.0940 0.9935
vn 0.9950 0.1001 0.0020
vn 0.0660 0.0992 -0.9929
vn 0.6442 -0.0970 -0.7587
vn 0.6381 -0.1034 0.7630
vn -0.5472 0.1922 0.8147
vn -0.5384 0.2023 -0.8180
vn -0.8515 -0.5243 0.0080
vn 0.0356 0.2178 0.9753
vn 0.7306 0.6827 -0.0090
vn -0.0169 0.1575 -0.9874
vn 0.5956 0.3326 -0.7312
vn 0.5998 0.3499 0.7196
vn -0.5652 -0.1789 0.8054
vn -0.5817 -0.1667 -0.7961
vn 0.0915 0.8628 -0.4972
vn 0.3710 0.7218 0.5843
vn -0.5824 -0.2120 0.7848
vn -0.5427 -0.2354 0.8063
vn 0.1329 0.8949 0.4259
vn 0.3488 0.6813 -0.6435
vn -0.5927 -0.3788 -0.7108
vn -0.3536 0.1522 -0.9229
vn 0.1496 0.9887 -0.0014
vn -0.2452 0.3990 0.8836
vn -0.7137 -0.7005 -0.0003
vn -0.5778 -0.3187 -0.7514
vn -0.7521 -0.6587 0.0213
vn -0.1684 0.3134 -0.9346
vn 0.3348 0.9423 -0.0090
vn -0.0753 0.4645 0.8824
vn -0.6390 0.2028 -0.7420
vn -0.5716 0.3813 0.7265
vn 0.2143 -0.4839 0.8485
vn 0.1106 -0.5482 -0.8290
vn -0.5716 0.3813 -0.7265
vn -0.6390 0.2028 0.7420
vn 0.1106 -0.5482 0.8290
vn 0.2143 -0.4839 -0.8485
vn 0.4934 -0.8698 -0.0000
vn -0.8716 0.4902 -0.0000
vn -0.2045 -0.0726 0.9762
vn -0.2045 -0.0726 -0.9762
vn -0.8731 0.4875 -0.0001
vn -0.7018 0.2982 0.6470
vn -0.9535 0.3014 -0.0007
vn -0.6997 0.3030 -0.6470
vn -0.2158 0.0982 -0.9715
vn 0.2774 0.1106 -0.9544
vn 0.7603 0.0653 -0.6463
vn 0.9994 -0.0334 -0.0001
vn 0.9768 0.2140 -0.0007
vn 0.7612 0.0605 0.6457
vn 0.2349 -0.0204 0.9718
vn -0.2582 0.1012 0.9608
vn -0.9963 0.0858 0.0007
vn 0.2963 0.2416 -0.9240
vn 0.9061 0.4230 0.0011
vn -0.2983 0.0885 0.9504
vn -0.7770 0.1498 0.6114
vn -0.7731 0.1775 -0.6090
vn 0.7614 0.2789 0.5853
vn 0.7560 0.3017 -0.5809
vn -0.9947 -0.1025 0.0017
vn 0.2692 0.4303 -0.8616
vn 0.7498 0.6617 0.0008
vn -0.3516 0.1815 0.9184
vn 0.7157 0.4643 0.5217
vn -0.8170 0.0315 0.5758
vn -0.8191 0.0422 -0.5721
vn 0.7138 0.4736 -0.5160
vn -0.9786 -0.2056 -0.0049
vn 0.1594 0.5421 -0.8250
vn 0.5973 0.8020 -0.0029
vn -0.4557 0.2278 0.8605
vn 0.5464 0.7265 -0.4167
vn 0.5344 0.7398 0.4089
vn -0.8484 -0.0339 0.5282
vn -0.8454 -0.0700 -0.5296
vn -0.7769 0.6296 -0.0000
vn -0.1759 0.1214 -0.9769
vn 0.9448 -0.3277 -0.0000
vn 0.1978 -0.0804 0.9769
vn 0.7131 -0.1336 0.6882
vn 0.7131 -0.1336 -0.6882
vn -0.6146 0.3926 0.6842
vn -0.6146 0.3926 -0.6842
vn -0.7381 0.6746 -0.0000
vn -0.1586 0.1386 -0.9776
vn 0.8023 -0.5969 -0.0000
vn 0.1685 -0.1299 0.9771
vn 0.6225 -0.3480 0.7010
vn 0.6225 -0.3480 -0.7010
vn -0.5374 0.4768 -0.6956
vn -0.5374 0.4768 0.6956
vn -0.9582 -0.2860 -0.0000
vn -0.2788 -0.5711 -0.7721
vn 0.1861 -0.9825 -0.0000
vn -0.2083 -0.6480 0.7326
vn -0.5315 0.4683 0.7059
vn 0.5359 -0.4804 0.6943
vn 0.5359 -0.4804 -0.6943
vn -0.5315 0.4683 -0.7059
vn -0.2160 0.0971 0.9716
vn 0.2784 0.0855 0.9566
vn 0.2994 0.2035 0.9322
vn 0.2630 0.4443 0.8564
vn 0.1472 0.5891 0.7945
vn -0.1759 0.1214 0.9769
vn -0.1586 0.1386 0.9776
vn -0.2788 -0.5711 0.7721
vn 0.0004 -0.0006 1.0000
vn 0.0011 0.0003 1.0000
vn 0.0017 0.0016 1.0000
vn -0.0622 0.4027 0.9132
vn -0.0072 0.1654 0.9862
vn 0.0028 0.0943 0.9955
vn 0.0024 0.0204 0.9998
vn 0.2350 -0.0194 -0.9718
vn -0.2562 0.1275 -0.9582
vn -0.2977 0.1303 -0.9457
vn -0.3506 0.1587 -0.9230
vn -0.4483 0.1655 -0.8784
vn 0.1978 -0.0804 -0.9769
vn 0.1685 -0.1299 -0.9771
vn -0.2083 -0.6480 -0.7326
vn 0.0004 -0.0006 -1.0000
vn 0.0011 0.0003 -1.0000
vn 0.0017 0.0016 -1.0000
vn -0.0539 0.3521 -0.9344
vn -0.0076 0.1827 -0.9831
vn 0.0029 0.1385 -0.9904
vn 0.0028 0.0292 -0.9996
vn -0.3299 -0.9440 -0.0000
vn 0.0806 0.0445 0.9958
vn -0.5484 -0.2621 0.7941
vn 0.1183 0.0646 -0.9909
vn -0.9675 -0.2530 -0.0000
vn -0.0927 0.2080 0.9737
vn 0.1962 -0.1109 0.9743
vn -0.0674 0.2294 -0.9710
vn -0.6244 -0.0831 -0.7767
vn 0.2153 -0.0970 -0.9717
vn 0.4935 -0.5448 -0.6780
vn -0.5344 -0.2581 -0.8049
vn -0.9603 0.2789 -0.0049
vn -0.4434 0.5994 0.6664
vn -0.6900 0.7238 0.0014
vn 0.7137 -0.7004 0.0008
vn 0.4761 -0.5543 0.6827
vn -0.4132 0.6232 -0.6640
vn -0.6426 -0.0981 0.7599
vn -0.3536 -0.9354 -0.0029
vn -0.1717 0.1204 0.9778
vn 0.2426 -0.0420 0.9692
vn -0.1468 0.1497 -0.9778
vn 0.2604 -0.0183 -0.9653
vn -0.8425 0.5388 -0.0023
vn 0.9734 -0.2292 -0.0000
vn 0.6357 -0.3420 0.6920
vn 0.0414 0.0387 0.9984
vn 0.6421 -0.3333 -0.6904
vn 0.0559 0.0535 -0.9970
vn -0.5262 0.4824 -0.7002
vn -0.5377 0.4698 0.7001
vn -0.2180 0.1284 0.9675
vn 0.3203 0.0601 0.9454
vn -0.2007 0.1574 -0.9669
vn 0.3317 0.0813 -0.9399
vn -0.9023 0.4310 0.0022
vn 0.9942 0.1077 0.0014
vn 0.7709 -0.0289 0.6364
vn 0.0148 0.0175 0.9997
vn -0.6656 0.3224 0.6731
vn -0.6440 0.3569 -0.6766
vn 0.0430 0.0561 -0.9975
vn 0.7779 -0.0088 -0.6284
vn -0.2636 0.2591 0.9292
vn 0.3426 0.2714 0.8994
vn -0.2652 0.2529 -0.9304
vn 0.3426 0.2670 -0.9007
vn -0.9512 0.3086 -0.0002
vn 0.9285 0.3712 -0.0001
vn 0.0438 0.1308 0.9904
vn -0.7115 0.3362 0.6170
vn 0.8112 0.2145 -0.5441
vn 0.8104 0.2128 0.5459
vn 0.0457 0.1334 -0.9900
vn -0.7119 0.3388 -0.6152
vn -0.4406 0.2610 0.8589
vn 0.1571 0.4881 0.8585
vn -0.4406 0.2610 -0.8589
vn 0.1570 0.4881 -0.8585
vn -0.9994 0.0360 -0.0000
vn 0.7324 0.6809 -0.0000
vn -0.8442 0.1373 0.5182
vn -0.8018 0.2435 -0.5458
vn -0.0158 0.3059 -0.9519
vn -0.0897 0.3620 0.9278
vn 0.6150 0.6451 -0.4535
vn 0.7214 0.4952 0.4840
vn -0.8017 0.2453 0.5451
vn -0.8442 0.1373 -0.5182
vn -0.0897 0.3620 -0.9278
vn -0.0158 0.3085 0.9511
vn 0.7218 0.4942 -0.4846
vn 0.6149 0.6451 0.4535
vn 0.2437 0.4623 0.8526
vn 0.2438 0.4621 -0.8527
vn 0.7893 0.6141 -0.0000
vn -0.3636 0.2945 0.8838
vn -0.3636 0.2941 -0.8839
vn -0.9943 0.1066 -0.0000
vn -0.1496 0.4538 0.8784
vn 0.4063 0.0527 0.9122
vn -0.1496 0.4538 -0.8784
vn 0.4062 0.0527 -0.9122
vn -0.6348 0.7727 -0.0000
vn 0.9440 -0.3300 -0.0000
vn -0.5001 0.6965 0.5146
vn 0.1588 0.1797 0.9708
vn 0.8151 -0.2614 -0.5169
vn -0.5001 0.6965 -0.5146
vn 0.1588 0.1797 -0.9708
vn 0.8151 -0.2614 0.5169
vn 0.3828 -0.0783 0.9205
vn 0.3828 -0.0783 -0.9205
vn 0.8851 -0.4653 -0.0000
vn -0.1440 0.3465 0.9269
vn -0.1440 0.3465 -0.9269
vn -0.6384 0.7697 -0.0000
vn 0.2427 -0.1904 0.9512
vn 0.2427 -0.1904 -0.9512
vn 0.7947 -0.6070 -0.0000
vn -0.1812 0.2345 0.9551
vn -0.1812 0.2345 -0.9551
vn -0.6058 0.7956 -0.0000
vn 0.6885 -0.4672 -0.5547
vn 0.0448 0.0438 -0.9980
vn -0.5129 0.6432 -0.5685
vn 0.6885 -0.4672 0.5547
vn 0.0448 0.0438 0.9980
vn -0.5129 0.6432 0.5685
vn 0.2446 -0.1316 0.9606
vn 0.2446 -0.1316 -0.9606
vn 0.7459 -0.6660 -0.0000
vn -0.0696 0.2665 0.9613
vn -0.0696 0.2665 -0.9613
vn -0.5475 0.8368 -0.0000
vn 0.0282 0.0190 -0.9994
vn -0.4484 0.6449 -0.6189
vn 0.6121 -0.4798 0.6285
vn 0.6121 -0.4798 -0.6285
vn 0.0282 0.0190 0.9994
vn -0.4484 0.6449 0.6189
vn 0.2446 -0.1666 0.9552
vn 0.2446 -0.1666 -0.9552
vn 0.6814 -0.7319 -0.0000
vn -0.0248 0.2910 0.9564
vn -0.0248 0.2910 -0.9564
vn -0.4821 0.8761 -0.0000
vn -0.3495 0.7101 -0.6112
vn -0.3495 0.7101 0.6112
vn 0.1462 0.0563 0.9877
vn 0.5564 -0.5187 -0.6491
vn 0.1462 0.0563 -0.9877
vn 0.5564 -0.5187 0.6491
vn 0.1369 -0.1871 0.9727
vn 0.1369 -0.1871 -0.9727
vn 0.5318 -0.8469 -0.0000
vn -0.1301 0.2651 0.9554
vn -0.1301 0.2651 -0.9554
vn -0.4416 0.8972 -0.0000
vn 0.0510 0.0042 -0.9987
vn -0.3532 0.7267 -0.5892
vn 0.4938 -0.5681 0.6584
vn 0.4938 -0.5681 -0.6584
vn 0.0510 0.0042 0.9987
vn -0.3532 0.7267 0.5892
vn -0.5740 0.2332 0.7849
vn -0.5740 0.2332 -0.7849
vn -0.7354 -0.6777 -0.0000
vn -0.6155 0.3427 0.7097
vn -0.6155 0.3427 -0.7097
vn -0.7070 0.7072 -0.0000
vn -0.3507 0.7266 0.5909
vn -0.0016 0.0043 1.0000
vn 0.2838 -0.6011 -0.7471
vn -0.0016 0.0043 -1.0000
vn -0.3507 0.7266 -0.5909
vn 0.2838 -0.6011 0.7471
vn -0.8778 0.4790 -0.0000
vn -0.9877 0.1429 -0.0641
vn -0.8246 0.2588 0.5031
vn -0.9416 0.3355 -0.0285
vn -0.7674 0.1830 -0.6144
vn -0.4261 0.1067 -0.8984
vn 0.3812 0.2138 -0.8994
vn 0.6711 -0.1554 -0.7249
vn 0.8936 -0.4487 0.0130
vn 0.9649 0.2594 0.0404
vn 0.6119 -0.1566 0.7753
vn -0.1771 0.0465 0.9831
vn -0.5169 0.2047 0.8312
vn -0.9974 -0.0703 -0.0128
vn -0.5208 -0.1262 -0.8443
vn 0.9912 -0.1290 0.0297
vn -0.1088 -0.1464 0.9832
vn -0.9104 -0.0146 0.4136
vn 0.5826 -0.3014 0.7548
vn 0.7334 -0.2331 -0.6386
vn -0.8232 0.0901 -0.5606
vn -0.8814 -0.4701 -0.0456
vn -0.2355 -0.3935 -0.8887
vn 0.9985 0.0060 0.0552
vn 0.0291 -0.3477 0.9372
vn 0.6827 -0.2611 0.6824
vn 0.7854 -0.2769 -0.5536
vn -0.7534 -0.4001 -0.5218
vn -0.8993 -0.1289 0.4179
vn -0.5671 -0.8205 0.0713
vn -0.0220 -0.3771 -0.9259
vn 0.9879 0.1545 0.0148
vn 0.1906 -0.2747 0.9425
vn -0.4684 -0.7439 0.4766
vn 0.7327 -0.1933 0.6525
vn 0.8638 0.0757 -0.4982
vn -0.6549 -0.5206 -0.5478
vn -0.7353 -0.5214 0.4330
vn 0.7733 -0.0974 0.6265
vn 0.8741 -0.1257 -0.4692
vn -0.5201 -0.5827 -0.6245
vn -0.7970 -0.5996 -0.0717
vn 0.9955 0.0900 0.0296
vn -0.1023 -0.3795 -0.9195
vn 0.1279 -0.3036 0.9442
vn 0.6714 -0.2013 0.7132
vn 0.8429 -0.2133 -0.4940
vn -0.8485 -0.1963 -0.4914
vn -0.8303 -0.3577 0.4274
vn -0.3801 -0.3193 -0.8681
vn -0.0641 -0.2596 0.9636
vn -0.9621 -0.2706 -0.0345
vn 0.9977 -0.0548 0.0403
vn -0.8896 0.0697 0.4514
vn 0.6394 -0.2385 0.7309
vn 0.6440 -0.3150 -0.6972
vn -0.8722 -0.0130 -0.4889
vn 0.9541 -0.2989 0.0208
vn -0.9992 0.0270 -0.0291
vn -0.5065 0.0413 -0.8612
vn -0.1581 -0.0427 0.9865
vn -0.8479 0.1771 0.4997
vn -0.7572 0.2566 -0.6007
vn 0.7468 0.4372 -0.5011
vn 0.6949 0.3586 0.6233
vn -0.5051 0.1347 0.8525
vn 0.9958 0.0853 0.0335
vn 0.1504 0.2562 -0.9548
vn -0.9639 0.2592 -0.0608
vn -0.0578 0.0166 -0.9982
vn -0.3884 0.1759 -0.9045
vn 0.1247 -0.2334 -0.9643
vn 0.3681 -0.2963 -0.8813
vn 0.4624 -0.0359 -0.8859
vn 0.4445 -0.1671 -0.8800
vn 0.2523 -0.3509 -0.9018
vn 0.0196 -0.0628 -0.9978
vn -0.3724 0.1555 -0.9150
vn -0.1651 0.0981 -0.9814
vn -0.1870 0.0434 -0.9814
vn -0.0667 -0.2836 -0.9566
vn 0.2301 -0.2813 -0.9316
vn 0.3150 -0.1188 -0.9416
vn 0.1080 -0.3286 -0.9383
vn -0.1778 -0.0643 -0.9820
vn -0.0850 0.1744 -0.9810
vn -0.5561 0.1075 0.8241
vn 0.2256 0.1839 0.9567
vn -0.6508 -0.0704 0.7560
vn -0.4219 -0.3837 0.8215
vn 0.0389 -0.3781 0.9249
vn -0.2941 -0.4422 0.8473
vn -0.5573 -0.2232 0.7998
vn -0.6451 0.0264 0.7636
vn 0.0245 0.1916 0.9812
vn -0.3384 0.0659 0.9387
vn -0.2969 -0.1594 0.9415
vn -0.0350 -0.3330 0.9423
vn 0.1254 -0.3091 0.9427
vn -0.1702 -0.3076 0.9362
vn -0.3655 -0.0614 0.9288
vn -0.2935 0.0914 0.9516
vn -0.2478 0.1181 0.9616
vn -0.8402 0.5422 -0.0040
vn 0.4486 0.2120 -0.8682
vn 0.9923 0.0629 -0.1065
vn -0.5881 0.4571 0.6672
vn -0.5282 0.4801 -0.7004
vn 0.5118 0.2175 0.8311
vn -0.7969 0.4416 -0.4122
vn -0.0613 0.0731 -0.9954
vn 0.8585 0.0222 -0.5123
vn 0.8350 0.1059 0.5400
vn -0.8195 0.4098 0.4006
vn -0.1953 0.1863 0.9629
vn -0.7837 0.6209 -0.0149
vn 0.6178 0.2980 -0.7277
vn 0.9880 0.0841 -0.1298
vn -0.5626 0.6196 0.5473
vn -0.5460 0.6008 -0.5839
vn 0.5967 0.3621 0.7161
vn -0.7526 0.5937 0.2849
vn -0.7274 0.5975 -0.3373
vn 0.9538 0.1347 0.2687
vn -0.0700 0.5143 0.8548
vn -0.0548 0.4856 -0.8724
vn 0.8796 0.1440 -0.4534
vn -0.6220 -0.6345 0.4589
vn 0.8738 0.0349 -0.4851
vn 0.7818 -0.0710 0.6195
vn -0.3728 -0.6407 -0.6712
vn 0.2961 -0.1635 -0.9411
vn 0.0604 -0.3170 0.9465
vn 0.1854 -0.2772 0.9427
vn 0.0068 -0.3263 -0.9453
vn -0.6627 -0.7401 -0.1144
vn 0.9880 0.1535 0.0178
vn 0.4512 -0.0525 -0.8909
vn -0.1587 -0.4671 0.8699
vn -0.7932 0.3112 -0.5235
vn -0.1478 0.1894 -0.9707
vn 0.8750 0.0852 -0.4766
vn 0.9035 0.0441 0.4264
vn -0.8180 0.3286 0.4721
vn -0.2055 0.1594 0.9656
vn 0.4039 -0.0172 -0.9146
vn 0.3384 0.0736 0.9381
vn -0.5676 0.2384 0.7881
vn -0.9164 0.4003 0.0052
vn 0.9994 0.0236 -0.0253
vn -0.4999 0.2262 -0.8360
vn -0.7932 0.6090 -0.0000
vn -0.6553 0.6154 0.4379
vn -0.7971 0.6038 -0.0000
vn -0.5403 0.6716 -0.5071
vn -0.7133 0.1941 -0.6735
vn 0.2704 -0.1723 -0.9472
vn 0.5869 -0.5732 -0.5719
vn -0.2449 -0.9695 -0.0000
vn 0.8368 -0.5476 -0.0000
vn 0.5869 -0.5732 0.5719
vn -0.5354 -0.3361 0.7749
vn -0.3446 0.2604 0.9019
vn -0.5403 0.6716 0.5071
vn -0.6553 0.6154 -0.4379
vn 0.6014 -0.5428 -0.5862
vn 0.6014 -0.5428 0.5862
vn -0.2875 0.2947 0.9113
vn 0.7088 -0.7054 -0.0000
vn 0.2270 -0.2203 -0.9487
vn -0.6637 0.7480 -0.0000
vn -0.5354 -0.3361 -0.7749
vn -0.3446 0.2604 -0.9019
vn -0.7133 0.1941 0.6735
vn 0.2704 -0.1723 0.9472
vn 0.2270 -0.2203 0.9487
vn -0.2875 0.2947 -0.9113
vn -0.0028 0.0035 -1.0000
vn -0.0028 0.0035 1.0000
vn -0.9995 0.0307 -0.0000
vn -0.0058 0.0053 1.0000
vn -0.0058 0.0053 -1.0000
vn -0.9466 0.3224 -0.0000
vn 0.3617 0.1126 -0.9255
vn 0.9996 -0.0283 -0.0000
vn -0.3693 0.2779 0.8868
vn -0.3693 0.2779 -0.8868
vn 0.3617 0.1126 0.9255
vn -0.7929 0.4277 0.4340
vn -0.7929 0.4277 -0.4340
vn 0.0193 0.0614 0.9979
vn 0.0193 0.0614 -0.9979
vn 0.7766 -0.2565 -0.5755
vn 0.7766 -0.2565 0.5755
vn -0.9973 0.0728 -0.0000
vn 0.2861 0.4281 -0.8573
vn 0.8580 0.5137 -0.0000
vn -0.4430 0.3063 0.8426
vn -0.4430 0.3063 -0.8426
vn 0.2861 0.4281 0.8573
vn -0.8711 0.2668 -0.4123
vn 0.0198 0.3039 -0.9525
vn 0.7916 0.2963 -0.5345
vn 0.7916 0.2963 0.5345
vn -0.8711 0.2668 0.4123
vn 0.0198 0.3039 0.9525
vn -0.9059 -0.4234 -0.0000
vn 0.1519 0.5473 -0.8230
vn 0.5722 0.8201 -0.0000
vn -0.4701 0.0858 0.8784
vn -0.4701 0.0858 -0.8784
vn 0.1519 0.5473 0.8230
vn 0.5854 0.6546 0.4784
vn -0.0641 0.3803 0.9226
vn -0.9064 -0.0556 0.4186
vn -0.0641 0.3803 -0.9226
vn 0.5854 0.6546 -0.4784
vn -0.9064 -0.0556 -0.4186
vn -0.7755 -0.6314 -0.0000
vn 0.0435 0.4807 -0.8758
vn 0.4179 0.9085 -0.0000
vn -0.5018 -0.1655 0.8490
vn -0.5018 -0.1655 -0.8490
vn 0.0435 0.4807 0.8758
vn -0.7682 -0.4720 -0.4325
vn -0.1097 0.3033 -0.9466
vn 0.3650 0.8138 -0.4523
vn 0.3650 0.8138 0.4523
vn -0.7682 -0.4720 0.4325
vn -0.1097 0.3033 0.9466
vn 0.7634 0.6456 0.0206
vn 1.0000 0.0045 -0.0000
vn 0.0392 0.0424 -0.9983
vn 0.7076 0.7066 -0.0000
vn -0.5885 -0.8085 -0.0000
vn -0.9480 -0.3181 -0.0000
vn -0.0013 -0.0179 0.9998
vn -0.0601 0.2263 -0.9722
vn -0.4072 0.9133 -0.0000
vn -0.0601 0.2263 0.9722
vn 0.4627 -0.8865 -0.0000
vn -0.0039 -0.0243 0.9997
vn 0.0154 -0.0162 0.9998
vn 0.8003 -0.5996 -0.0000
vn -0.0039 -0.0243 -0.9997
vn -0.0007 -0.0190 -0.9998
vn -0.1558 0.9878 0.0021
vn 0.1159 -0.9933 -0.0006
vn 0.0392 0.0424 0.9983
vn -0.7526 0.6584 -0.0000
vn -0.9197 0.3926 -0.0000
vn 0.0154 -0.0162 -0.9998
vn 0.0254 -0.9997 -0.0000
vn -0.3652 0.0862 -0.9269
vn -0.3652 0.0862 0.9269
vn -0.1998 -0.0828 -0.9763
vn -0.1998 -0.0828 0.9763
vn -0.9253 0.3793 -0.0000
vn 0.5270 -0.8499 -0.0000
vn -0.2061 0.2002 0.9578
vn 0.0883 0.9961 -0.0000
vn -0.2061 0.2002 -0.9578
vn -0.1829 -0.9831 -0.0000
vn -0.3531 -0.9355 0.0129
vn 0.0223 -0.0582 -0.9981
vn 0.0996 0.0386 0.9943
vn 0.9873 0.1585 0.0064
vn -0.8468 -0.5319 0.0040
vn -0.0070 -0.0278 -0.9996
vn 0.0521 0.0426 0.9977
vn -0.0388 -0.9992 -0.0076
vn 0.2605 0.9652 0.0209
vn 0.0175 -0.0160 -0.9997
vn 0.0300 -0.0066 0.9995
vn 0.9802 -0.1974 0.0145
vn -0.9981 0.0609 -0.0098
vn -0.0018 -0.0084 -1.0000
vn -0.0029 -0.0175 0.9998
vn -0.0132 -0.0004 0.9999
vn 0.7928 -0.6095 0.0004
vn -0.8562 0.5167 0.0007
vn -0.0108 0.0042 -0.9999
vn 0.6552 -0.7555 -0.0000
vn -0.7508 0.6606 -0.0000
vn -0.0055 -0.0020 -1.0000
vn -0.0055 -0.0020 1.0000
vn 0.0178 0.0029 -0.9998
vn 0.0155 0.0013 0.9999
vn 0.7247 -0.6891 -0.0005
vn -0.7185 0.6956 -0.0001
vn 0.9767 -0.2146 0.0019
vn -0.9693 0.2459 -0.0027
vn 0.0747 0.0743 -0.9944
vn 0.0636 0.0654 0.9958
vn 0.9044 0.4267 -0.0032
vn -0.9226 -0.3859 0.0002
vn 0.0316 0.1166 -0.9927
vn 0.0541 0.1330 0.9896
vn -0.1322 0.5397 0.8314
vn 0.2027 0.9792 -0.0060
vn -0.2346 0.3659 -0.9006
vn -0.7236 -0.6899 0.0220
vn -0.7970 -0.6038 0.0162
vn -0.0839 0.2356 -0.9682
vn 0.5255 0.8507 -0.0107
vn -0.0080 0.3475 0.9377
vn 0.3921 -0.9199 -0.0000
vn -0.7518 0.6594 -0.0000
vn -0.2548 -0.0535 0.9655
vn -0.2548 -0.0535 -0.9655
vn -0.9118 0.4106 -0.0005
vn 0.2574 0.0281 -0.9659
vn 0.9960 0.0892 -0.0005
vn -0.2385 0.0952 0.9665
vn -0.9837 0.1796 -0.0001
vn 0.2911 0.1552 0.9440
vn -0.2758 0.1444 -0.9503
vn 0.9426 0.3340 0.0003
vn 0.2991 0.2896 0.9092
vn -0.3202 0.1251 -0.9391
vn 0.8530 0.5219 0.0013
vn -1.0000 -0.0013 0.0015
vn 0.6400 0.7683 -0.0001
vn -0.9837 -0.1799 0.0008
vn 0.2088 0.5717 0.7934
vn -0.3835 0.1899 -0.9038
vn 0.9851 -0.1721 -0.0000
vn -0.1939 0.1069 0.9752
vn 0.2155 -0.0501 -0.9752
vn -0.8298 0.5580 -0.0000
vn 0.8782 -0.4782 -0.0000
vn -0.7398 0.6728 -0.0000
vn -0.1642 0.1346 0.9772
vn 0.1809 -0.1083 -0.9775
vn -0.1563 0.1359 0.9783
vn 0.1614 -0.1434 -0.9764
vn 0.7442 -0.6680 -0.0000
vn -0.7497 0.6618 -0.0000
vn 0.1614 -0.1434 0.9764
vn 0.1809 -0.1083 0.9775
vn 0.2155 -0.0501 0.9752
vn -0.3879 0.2439 0.8889
vn -0.3195 0.1079 0.9414
vn -0.2777 0.1016 0.9553
vn 0.2574 0.0200 0.9661
vn -0.1563 0.1359 -0.9783
vn -0.1642 0.1346 -0.9772
vn -0.1939 0.1069 -0.9752
vn 0.2230 0.5371 -0.8135
vn 0.2980 0.3056 -0.9043
vn 0.2885 0.1954 -0.9373
vn -0.2376 0.1038 -0.9658
vn -0.1622 -0.9868 -0.0000
vn -0.5111 -0.8595 -0.0000
vn -0.6341 0.7732 0.0005
vn 0.6269 -0.7791 0.0006
vn -0.9945 -0.1051 -0.0000
vn -0.0750 0.2344 0.9692
vn 0.2308 -0.1303 -0.9642
vn 0.2000 -0.1440 0.9692
vn -0.0328 0.2617 -0.9646
vn -0.9095 -0.4157 -0.0000
vn 0.2160 -0.0765 0.9734
vn 0.8677 -0.4971 0.0003
vn 0.2284 -0.0634 -0.9715
vn -0.1114 0.1822 -0.9769
vn -0.1270 0.1662 0.9779
vn -0.7687 0.6396 -0.0001
vn 0.2758 -0.0048 0.9612
vn -0.8881 0.4597 -0.0005
vn -0.1750 0.1425 -0.9742
vn -0.2063 0.0993 0.9734
vn 0.9994 -0.0331 0.0014
vn 0.2969 0.0279 -0.9545
vn -0.2286 0.1941 0.9540
vn 0.9720 0.2350 0.0005
vn 0.3526 0.1563 -0.9226
vn 0.3508 0.1539 0.9237
vn -0.9167 0.3996 0.0012
vn -0.2268 0.1971 -0.9538
vn -0.9986 0.0537 -0.0000
vn -0.3911 0.2809 -0.8764
vn -0.3911 0.2809 0.8764
vn 0.7471 0.6647 -0.0000
vn 0.2116 0.4967 -0.8418
vn 0.2116 0.4967 0.8418
vn 0.2961 0.3874 0.8731
vn 0.2964 0.3853 -0.8739
vn 0.8585 0.5127 -0.0001
vn -0.3168 0.2945 0.9016
vn -0.3172 0.2917 -0.9024
vn -0.9809 0.1943 -0.0002
vn -0.6360 0.7717 -0.0000
vn -0.1123 0.4018 -0.9088
vn -0.1123 0.4018 0.9088
vn 0.9316 -0.3634 -0.0000
vn 0.4346 0.0003 -0.9006
vn 0.4346 0.0003 0.9006
vn 0.3033 -0.1658 -0.9384
vn -0.1795 0.2751 -0.9445
vn 0.8204 -0.5718 -0.0000
vn 0.3033 -0.1658 0.9384
vn -0.6307 0.7761 -0.0000
vn -0.1795 0.2751 0.9445
vn -0.1420 0.2354 -0.9615
vn 0.7871 -0.6168 -0.0000
vn 0.2248 -0.1625 0.9608
vn -0.5763 0.8172 -0.0000
vn -0.1420 0.2354 0.9615
vn 0.2248 -0.1625 -0.9608
vn -0.5144 0.8576 -0.0000
vn -0.0058 0.2943 0.9557
vn 0.2677 -0.1331 -0.9543
vn -0.0058 0.2943 -0.9557
vn 0.6978 -0.7163 -0.0000
vn 0.2677 -0.1331 0.9543
vn -0.0930 0.2734 -0.9574
vn 0.6477 -0.7619 -0.0000
vn 0.1915 -0.1905 0.9628
vn -0.4582 0.8889 -0.0000
vn -0.0930 0.2734 0.9574
vn 0.1915 -0.1905 -0.9628
vn -0.1293 0.2624 0.9562
vn 0.0848 -0.1675 -0.9822
vn -0.1293 0.2624 -0.9562
vn 0.3950 -0.9187 -0.0000
vn 0.0848 -0.1675 0.9822
vn -0.4300 0.9028 -0.0000
vn -0.9313 0.3642 -0.0000
vn -0.8395 0.5434 -0.0000
vn -0.9522 0.3018 -0.0474
vn 0.2893 0.2957 -0.9104
vn 0.8973 0.4387 0.0493
vn -0.5080 0.1611 0.8461
vn -0.5202 0.1225 0.8452
vn -0.6622 -0.0246 0.7489
vn 0.0707 -0.1296 -0.9890
vn -0.9998 -0.0151 -0.0146
vn 0.9811 -0.1917 0.0261
vn 0.9985 -0.0230 0.0496
vn -0.9220 -0.3848 -0.0417
vn -0.4899 -0.3172 0.8120
vn 0.3154 -0.3290 -0.8901
vn -0.1043 -0.4763 0.8731
vn 0.4450 -0.0454 -0.8944
vn 0.9879 0.1545 0.0168
vn -0.5903 -0.7968 -0.1290
vn -0.8417 -0.5373 -0.0541
vn 0.9980 0.0412 0.0471
vn 0.4131 -0.2460 -0.8768
vn -0.3562 -0.4228 0.8333
vn 0.1849 -0.3259 -0.9271
vn -0.6140 -0.1318 0.7782
vn -0.9877 -0.1549 -0.0223
vn 0.9953 -0.0903 0.0337
vn 0.9152 -0.4028 0.0144
vn -0.9958 0.0772 -0.0493
vn -0.0258 -0.0221 -0.9994
vn -0.6040 0.0758 0.7934
vn 0.8897 -0.4561 0.0191
vn -0.0140 0.1159 -0.9932
vn -0.9760 0.2071 -0.0673
vn -0.3934 0.1289 -0.9103
vn -0.4668 0.0801 -0.8807
vn -0.4641 -0.2391 -0.8529
vn -0.1690 -0.4004 -0.9006
vn 0.0424 -0.3200 -0.9465
vn -0.3018 -0.3658 -0.8804
vn -0.5308 -0.0231 -0.8472
vn -0.3681 0.1764 -0.9129
vn -0.1673 0.0225 0.9856
vn -0.0869 -0.1833 0.9792
vn 0.0817 -0.3271 0.9415
vn 0.1981 -0.2719 0.9417
vn -0.0240 -0.3311 0.9433
vn -0.1373 -0.1126 0.9841
vn -0.1314 0.1110 0.9851
vn 0.1494 0.1916 0.9700
vn -0.5399 0.3391 -0.7704
vn 0.9968 0.0365 -0.0704
vn -0.8875 0.4608 0.0063
vn -0.5978 0.3046 0.7416
vn 0.4131 0.0948 0.9057
vn 0.3994 0.0567 -0.9150
vn -0.7983 0.6021 -0.0148
vn 0.5892 0.3231 0.7405
vn -0.5588 0.5812 0.5916
vn 0.5126 0.3102 -0.8006
vn -0.5038 0.5703 -0.6488
vn 0.9889 0.0795 -0.1258
vn 0.1632 -0.2873 0.9438
vn -0.0430 -0.3461 -0.9372
vn -0.7395 -0.6665 -0.0942
vn 0.9907 0.1347 0.0187
vn 0.4545 -0.0902 -0.8862
vn -0.2289 -0.4543 0.8609
vn 0.4171 0.0564 -0.9071
vn 0.2866 0.1339 0.9486
vn -0.5328 0.2331 0.8135
vn -0.9310 0.3649 -0.0085
vn 0.9963 0.0847 0.0110
vn -0.4362 0.1792 -0.8818
vn -0.7232 0.6906 -0.0000
vn 0.2349 -0.2096 -0.9492
vn 0.7407 -0.6718 -0.0000
vn -0.3176 0.2907 0.9026
vn -0.9946 -0.1034 -0.0000
vn -0.2520 0.2769 -0.9273
vn -0.2520 0.2769 0.9273
vn 0.7133 -0.7008 -0.0000
vn 0.2329 -0.2248 -0.9462
vn -0.5989 0.8008 -0.0000
vn 0.2329 -0.2248 0.9462
vn -0.9888 0.1490 -0.0000
vn 0.2349 -0.2096 0.9492
vn -0.3176 0.2907 -0.9026
vn -0.8882 0.4595 -0.0000
vn -0.3574 0.2396 0.9027
vn 0.3258 -0.0707 -0.9428
vn 0.3258 -0.0707 0.9428
vn -0.3574 0.2396 -0.9027
vn 0.9449 -0.3275 -0.0000
vn -0.4006 0.3213 -0.8581
vn 0.9603 0.2789 -0.0000
vn -0.9754 0.2202 -0.0000
vn 0.3403 0.3019 0.8905
vn -0.4006 0.3213 0.8581
vn 0.3403 0.3019 -0.8905
vn 0.2204 0.5088 0.8322
vn -0.4710 0.2235 0.8533
vn 0.2204 0.5088 -0.8322
vn -0.4710 0.2235 -0.8533
vn 0.7225 0.6914 -0.0000
vn -0.9866 -0.1631 -0.0000
vn -0.4492 -0.0373 -0.8927
vn 0.4594 0.8882 -0.0000
vn -0.8103 -0.5860 -0.0000
vn 0.1039 0.5462 0.8312
vn -0.4492 -0.0373 0.8927
vn 0.1039 0.5462 -0.8312
vt 0.524807 0.316129
vt 0.547921 0.316129
vt 0.547921 0.337688
vt 0.524807 0.337688
vt 0.445226 0.316128
vt 0.468498 0.316128
vt 0.468498 0.337687
vt 0.445226 0.337687
vt 0.468498 0.360471
vt 0.445226 0.360471
vt 0.547921 0.360472
vt 0.524807 0.360472
vt 0.468499 0.178906
vt 0.445226 0.178906
vt 0.445226 0.157539
vt 0.468499 0.157539
vt 0.547921 0.178905
vt 0.524807 0.178905
vt 0.524807 0.157538
vt 0.547921 0.157538
vt 0.524807 0.135902
vt 0.547921 0.135902
vt 0.445226 0.135903
vt 0.468499 0.135903
vt 0.496490 0.178905
vt 0.496490 0.157538
vt 0.468498 0.178905
vt 0.468498 0.157538
vt 0.468498 0.135902
vt 0.496490 0.135902
vt 0.445226 0.114869
vt 0.468499 0.114869
vt 0.524807 0.114868
vt 0.547921 0.114868
vt 0.524807 0.095772
vt 0.547921 0.095772
vt 0.445226 0.095773
vt 0.468499 0.095773
vt 0.445226 0.135902
vt 0.445226 0.114868
vt 0.468498 0.114868
vt 0.547921 0.135903
vt 0.524807 0.135903
vt 0.524807 0.114869
vt 0.547921 0.114869
vt 0.524807 0.095773
vt 0.547921 0.095773
vt 0.445226 0.095772
vt 0.468498 0.095772
vt 0.445226 0.178905
vt 0.445226 0.157538
vt 0.547921 0.178906
vt 0.524807 0.178906
vt 0.524807 0.157539
vt 0.547921 0.157539
vt 0.524807 0.281217
vt 0.496490 0.281217
vt 0.496490 0.264495
vt 0.524807 0.264495
vt 0.468499 0.281217
vt 0.468499 0.264495
vt 0.468499 0.248533
vt 0.496490 0.248533
vt 0.524807 0.248533
vt 0.496490 0.114868
vt 0.496490 0.095772
vt 0.468499 0.067569
vt 0.445226 0.067569
vt 0.445226 0.055137
vt 0.468499 0.055137
vt 0.547921 0.067568
vt 0.524807 0.067568
vt 0.524807 0.055136
vt 0.547921 0.055136
vt 0.524807 0.044196
vt 0.547921 0.044196
vt 0.445226 0.044197
vt 0.468499 0.044197
vt 0.496490 0.135903
vt 0.496490 0.114869
vt 0.496490 0.095773
vt 0.445226 0.248533
vt 0.445226 0.233558
vt 0.468499 0.233558
vt 0.547921 0.248533
vt 0.524807 0.248533
vt 0.524807 0.233557
vt 0.547921 0.233557
vt 0.524807 0.217384
vt 0.547921 0.217384
vt 0.445226 0.217385
vt 0.468499 0.217385
vt 0.496490 0.233558
vt 0.524807 0.233558
vt 0.496490 0.217385
vt 0.524807 0.217385
vt 0.496490 0.198847
vt 0.524807 0.198847
vt 0.468499 0.198847
vt 0.496490 0.178906
vt 0.445226 0.198847
vt 0.524807 0.198846
vt 0.547921 0.198846
vt 0.496490 0.248533
vt 0.496490 0.233557
vt 0.468498 0.248533
vt 0.468498 0.233557
vt 0.468498 0.217384
vt 0.496490 0.217384
vt 0.524807 0.281216
vt 0.496490 0.281216
vt 0.496490 0.264494
vt 0.524807 0.264494
vt 0.468498 0.281216
vt 0.468498 0.264494
vt 0.445226 0.281216
vt 0.445226 0.264494
vt 0.547921 0.281217
vt 0.547921 0.264495
vt 0.547921 0.248533
vt 0.445226 0.248533
vt 0.445226 0.281217
vt 0.445226 0.264495
vt 0.547921 0.281216
vt 0.547921 0.264494
vt 0.496490 0.157539
vt 0.445226 0.233557
vt 0.547921 0.233558
vt 0.547921 0.217385
vt 0.445226 0.217384
vt 0.445226 0.198846
vt 0.468498 0.198846
vt 0.547921 0.198847
vt 0.496490 0.198846
vt 0.468498 0.067568
vt 0.445226 0.067568
vt 0.445226 0.055136
vt 0.468498 0.055136
vt 0.547921 0.067569
vt 0.524807 0.067569
vt 0.524807 0.055137
vt 0.547921 0.055137
vt 0.524807 0.044197
vt 0.547921 0.044197
vt 0.445226 0.044196
vt 0.468498 0.044196
vt 0.496490 0.067568
vt 0.496490 0.055136
vt 0.496490 0.044196
vt 0.496490 0.067569
vt 0.496490 0.055137
vt 0.496490 0.044197
vt 0.524807 0.028035
vt 0.496490 0.028035
vt 0.496490 0.020797
vt 0.524807 0.020797
vt 0.468498 0.028035
vt 0.468498 0.020797
vt 0.468498 0.013587
vt 0.496490 0.013587
vt 0.524807 0.013587
vt 0.524807 0.028036
vt 0.496490 0.028036
vt 0.496490 0.020798
vt 0.524807 0.020798
vt 0.468499 0.028036
vt 0.468499 0.020798
vt 0.468499 0.013587
vt 0.496490 0.013587
vt 0.524807 0.013587
vt 0.445226 0.028036
vt 0.445226 0.020798
vt 0.547921 0.028035
vt 0.547921 0.020797
vt 0.547921 0.013587
vt 0.445226 0.013587
vt 0.445226 0.028035
vt 0.445226 0.020797
vt 0.547921 0.028036
vt 0.547921 0.020798
vt 0.547921 0.013587
vt 0.445226 0.013587
vt 0.496490 0.080663
vt 0.524807 0.080663
vt 0.468499 0.080663
vt 0.445226 0.080663
vt 0.524807 0.080662
vt 0.547921 0.080662
vt 0.496490 0.080662
vt 0.468498 0.080662
vt 0.445226 0.080662
vt 0.547921 0.080663
vt 0.524807 0.316128
vt 0.547921 0.316128
vt 0.547921 0.337687
vt 0.524807 0.337687
vt 0.445226 0.316129
vt 0.468499 0.316129
vt 0.468499 0.337688
vt 0.445226 0.337688
vt 0.468499 0.360472
vt 0.445226 0.360472
vt 0.547921 0.360471
vt 0.524807 0.360471
vt 0.496490 0.316128
vt 0.496490 0.337687
vt 0.496490 0.360471
vt 0.496490 0.316129
vt 0.496490 0.337688
vt 0.496490 0.360472
vt 0.547921 0.382803
vt 0.524807 0.382803
vt 0.468498 0.382802
vt 0.445226 0.382802
vt 0.468498 0.404779
vt 0.445226 0.404779
vt 0.547921 0.404779
vt 0.524807 0.404779
vt 0.547921 0.382802
vt 0.524807 0.382802
vt 0.468499 0.382803
vt 0.445226 0.382803
vt 0.468499 0.404779
vt 0.445226 0.404779
vt 0.547921 0.404779
vt 0.524807 0.404779
vt 0.496490 0.382802
vt 0.496490 0.404779
vt 0.496490 0.382803
vt 0.496490 0.404779
vt 0.445226 0.297742
vt 0.468499 0.297742
vt 0.524807 0.297741
vt 0.547921 0.297741
vt 0.445226 0.297741
vt 0.468498 0.297741
vt 0.524807 0.297742
vt 0.547921 0.297742
vt 0.496490 0.297741
vt 0.496490 0.297742
vt 0.547921 0.425784
vt 0.524807 0.425784
vt 0.468498 0.425784
vt 0.445226 0.425784
vt 0.468498 0.445583
vt 0.445226 0.445583
vt 0.547921 0.445584
vt 0.524807 0.445584
vt 0.547921 0.425784
vt 0.524807 0.425784
vt 0.468499 0.425784
vt 0.445226 0.425784
vt 0.468499 0.445584
vt 0.445226 0.445584
vt 0.547921 0.445583
vt 0.524807 0.445583
vt 0.496490 0.425784
vt 0.496490 0.445583
vt 0.496490 0.425784
vt 0.496490 0.445584
vt 0.496490 0.464232
vt 0.468499 0.464232
vt 0.524807 0.464232
vt 0.524807 0.662438
vt 0.496490 0.662438
vt 0.468499 0.662438
vt 0.547921 0.464232
vt 0.468498 0.464232
vt 0.445226 0.464232
vt 0.468498 0.662437
vt 0.445226 0.662437
vt 0.547921 0.662438
vt 0.547921 0.464232
vt 0.524807 0.464232
vt 0.445226 0.464232
vt 0.445226 0.662438
vt 0.547921 0.662437
vt 0.524807 0.662437
vt 0.496490 0.464232
vt 0.496490 0.662437
vt 0.547921 0.681896
vt 0.524807 0.681896
vt 0.468498 0.681895
vt 0.445226 0.681895
vt 0.468498 0.706083
vt 0.445226 0.706083
vt 0.547921 0.706084
vt 0.524807 0.706084
vt 0.547921 0.681895
vt 0.524807 0.681895
vt 0.468499 0.681896
vt 0.445226 0.681896
vt 0.468499 0.706084
vt 0.445226 0.706084
vt 0.547921 0.706083
vt 0.524807 0.706083
vt 0.496490 0.681895
vt 0.496490 0.706083
vt 0.496490 0.681896
vt 0.496490 0.706084
vt 0.496490 0.737650
vt 0.468498 0.737650
vt 0.524807 0.737650
vt 0.524807 0.771849
vt 0.496490 0.771849
vt 0.468498 0.771849
vt 0.496490 0.737650
vt 0.468499 0.737650
vt 0.524807 0.737650
vt 0.524807 0.771849
vt 0.496490 0.771849
vt 0.468499 0.771849
vt 0.547921 0.737650
vt 0.445226 0.737650
vt 0.445226 0.771849
vt 0.547921 0.771849
vt 0.547921 0.737650
vt 0.445226 0.737650
vt 0.445226 0.771849
vt 0.547921 0.771849
vt 0.547921 0.804810
vt 0.524807 0.804810
vt 0.468498 0.804809
vt 0.445226 0.804809
vt 0.468498 0.835379
vt 0.445226 0.835379
vt 0.547921 0.835380
vt 0.524807 0.835380
vt 0.547921 0.804809
vt 0.524807 0.804809
vt 0.468499 0.804810
vt 0.445226 0.804810
vt 0.468499 0.835380
vt 0.445226 0.835380
vt 0.547921 0.835379
vt 0.524807 0.835379
vt 0.496490 0.804809
vt 0.496490 0.835379
vt 0.496490 0.804810
vt 0.496490 0.835380
vt 0.547921 0.862866
vt 0.524807 0.862866
vt 0.468498 0.862866
vt 0.445226 0.862866
vt 0.468498 0.887623
vt 0.445226 0.887623
vt 0.547921 0.887624
vt 0.524807 0.887624
vt 0.547921 0.862866
vt 0.524807 0.862866
vt 0.468499 0.862866
vt 0.445226 0.862866
vt 0.468499 0.887624
vt 0.445226 0.887624
vt 0.547921 0.887623
vt 0.524807 0.887623
vt 0.496490 0.862866
vt 0.496490 0.887623
vt 0.496490 0.862866
vt 0.496490 0.887624
vt 0.468499 0.928167
vt 0.496490 0.928167
vt 0.496490 0.946599
vt 0.468499 0.946599
vt 0.524807 0.928167
vt 0.524807 0.946599
vt 0.524807 0.964809
vt 0.496490 0.964809
vt 0.468499 0.964809
vt 0.547921 0.928167
vt 0.547921 0.946599
vt 0.445226 0.928166
vt 0.468498 0.928166
vt 0.468498 0.946598
vt 0.445226 0.946598
vt 0.468498 0.964808
vt 0.445226 0.964808
vt 0.547921 0.964809
vt 0.496490 0.928166
vt 0.496490 0.946598
vt 0.524807 0.928166
vt 0.524807 0.946598
vt 0.524807 0.964808
vt 0.496490 0.964808
vt 0.547921 0.928166
vt 0.547921 0.946598
vt 0.445226 0.928167
vt 0.445226 0.946599
vt 0.445226 0.964809
vt 0.547921 0.964808
vt 0.547921 0.908943
vt 0.524807 0.908943
vt 0.468499 0.908944
vt 0.445226 0.908944
vt 0.496490 0.908943
vt 0.468498 0.908943
vt 0.547921 0.908944
vt 0.524807 0.908944
vt 0.445226 0.908943
vt 0.496490 0.908944
vt 0.445226 0.035514
vt 0.468498 0.035514
vt 0.524807 0.035515
vt 0.547921 0.035515
vt 0.445226 0.035515
vt 0.468499 0.035515
vt 0.524807 0.035514
vt 0.547921 0.035514
vt 0.496490 0.035515
vt 0.496490 0.035514
vt 0.693711 0.487814
vt 0.693711 0.519027
vt 0.664879 0.519027
vt 0.664879 0.487814
vt 0.693711 0.549681
vt 0.664879 0.549681
vt 0.850360 0.519027
vt 0.850360 0.549680
vt 0.821674 0.549680
vt 0.821674 0.519027
vt 0.850360 0.487813
vt 0.821674 0.487813
vt 0.758408 0.487813
vt 0.758408 0.519027
vt 0.722909 0.519027
vt 0.722909 0.487813
vt 0.758408 0.549680
vt 0.722909 0.549680
vt 0.693707 0.549680
vt 0.693707 0.519027
vt 0.693707 0.487813
vt 0.664875 0.519027
vt 0.664875 0.487813
vt 0.664875 0.549680
vt 0.850364 0.519027
vt 0.850364 0.549681
vt 0.821678 0.549681
vt 0.821678 0.519027
vt 0.850364 0.487814
vt 0.821678 0.487814
vt 0.758412 0.487814
vt 0.758412 0.519027
vt 0.722913 0.519027
vt 0.722913 0.487814
vt 0.758412 0.549681
vt 0.722913 0.549681
vt 0.850360 0.577884
vt 0.821674 0.577884
vt 0.693711 0.577884
vt 0.664879 0.577884
vt 0.693711 0.605338
vt 0.664879 0.605338
vt 0.850360 0.605337
vt 0.821674 0.605337
vt 0.793347 0.549681
vt 0.793347 0.577884
vt 0.758412 0.577884
vt 0.821678 0.577884
vt 0.821678 0.605338
vt 0.793347 0.605338
vt 0.758412 0.605338
vt 0.793343 0.549680
vt 0.793343 0.577884
vt 0.758408 0.577884
vt 0.793343 0.605337
vt 0.758408 0.605337
vt 0.850364 0.577884
vt 0.693707 0.577884
vt 0.664875 0.577884
vt 0.693707 0.605337
vt 0.664875 0.605337
vt 0.850364 0.605338
vt 0.793347 0.633937
vt 0.758412 0.633937
vt 0.821678 0.633937
vt 0.821678 0.664692
vt 0.793347 0.664692
vt 0.758412 0.664692
vt 0.793343 0.633936
vt 0.758408 0.633936
vt 0.821674 0.633936
vt 0.821674 0.664691
vt 0.793343 0.664691
vt 0.758408 0.664691
vt 0.850364 0.633937
vt 0.693707 0.633936
vt 0.664875 0.633936
vt 0.693707 0.664691
vt 0.664875 0.664691
vt 0.850364 0.664692
vt 0.850360 0.633936
vt 0.693711 0.633937
vt 0.664879 0.633937
vt 0.693711 0.664692
vt 0.664879 0.664692
vt 0.850360 0.664691
vt 0.850364 0.699072
vt 0.821678 0.699072
vt 0.693707 0.699071
vt 0.664875 0.699071
vt 0.693707 0.736086
vt 0.664875 0.736086
vt 0.850364 0.736087
vt 0.821678 0.736087
vt 0.850360 0.699071
vt 0.821674 0.699071
vt 0.693711 0.699072
vt 0.664879 0.699072
vt 0.693711 0.736087
vt 0.664879 0.736087
vt 0.850360 0.736086
vt 0.821674 0.736086
vt 0.793347 0.699072
vt 0.758412 0.699072
vt 0.793347 0.736087
vt 0.758412 0.736087
vt 0.793343 0.699071
vt 0.758408 0.699071
vt 0.793343 0.736086
vt 0.758408 0.736086
vt 0.664875 0.458620
vt 0.693707 0.458620
vt 0.821678 0.458621
vt 0.850364 0.458621
vt 0.821678 0.431002
vt 0.850364 0.431002
vt 0.664875 0.431002
vt 0.693707 0.431002
vt 0.722913 0.458621
vt 0.758412 0.458621
vt 0.693711 0.458621
vt 0.693711 0.431002
vt 0.722913 0.431002
vt 0.758412 0.431002
vt 0.722909 0.458620
vt 0.758408 0.458620
vt 0.722909 0.431002
vt 0.758408 0.431002
vt 0.664879 0.458621
vt 0.821674 0.458620
vt 0.850360 0.458620
vt 0.821674 0.431002
vt 0.850360 0.431002
vt 0.664879 0.431002
vt 0.664875 0.403920
vt 0.693707 0.403920
vt 0.821678 0.403920
vt 0.850364 0.403920
vt 0.821678 0.376534
vt 0.850364 0.376534
vt 0.664875 0.376533
vt 0.693707 0.376533
vt 0.664879 0.403920
vt 0.693711 0.403920
vt 0.821674 0.403920
vt 0.850360 0.403920
vt 0.821674 0.376533
vt 0.850360 0.376533
vt 0.664879 0.376534
vt 0.693711 0.376534
vt 0.722913 0.403920
vt 0.758412 0.403920
vt 0.722913 0.376534
vt 0.758412 0.376534
vt 0.722909 0.403920
vt 0.758408 0.403920
vt 0.722909 0.376533
vt 0.758408 0.376533
vt 0.722913 0.348430
vt 0.758412 0.348430
vt 0.693711 0.348430
vt 0.693711 0.319851
vt 0.722913 0.319851
vt 0.758412 0.319851
vt 0.722909 0.348430
vt 0.758408 0.348430
vt 0.693707 0.348430
vt 0.693707 0.319851
vt 0.722909 0.319851
vt 0.758408 0.319851
vt 0.664875 0.348430
vt 0.821678 0.348430
vt 0.850364 0.348430
vt 0.821678 0.319851
vt 0.850364 0.319851
vt 0.664875 0.319851
vt 0.664879 0.348430
vt 0.821674 0.348430
vt 0.850360 0.348430
vt 0.821674 0.319851
vt 0.850360 0.319851
vt 0.664879 0.319851
vt 0.793347 0.376534
vt 0.793347 0.348430
vt 0.793347 0.319851
vt 0.793347 0.431002
vt 0.793347 0.403920
vt 0.793347 0.487814
vt 0.793347 0.458621
vt 0.722913 0.664692
vt 0.722913 0.699072
vt 0.722913 0.736087
vt 0.722913 0.605338
vt 0.722913 0.633937
vt 0.722913 0.577884
vt 0.793347 0.519027
vt 0.793343 0.376533
vt 0.793343 0.348430
vt 0.793343 0.319851
vt 0.793343 0.431002
vt 0.793343 0.403920
vt 0.793343 0.487813
vt 0.793343 0.458620
vt 0.722909 0.664691
vt 0.722909 0.699071
vt 0.722909 0.736086
vt 0.722909 0.605337
vt 0.722909 0.633936
vt 0.722909 0.577884
vt 0.793343 0.519027
vt 0.929656 0.010940
vt 0.952721 0.010940
vt 0.952721 0.037030
vt 0.929656 0.037030
vt 0.975786 0.010940
vt 0.975786 0.037030
vt 0.975786 0.065707
vt 0.952721 0.065707
vt 0.929656 0.065707
vt 0.929656 0.112427
vt 0.929656 0.091234
vt 0.952721 0.091234
vt 0.952721 0.112427
vt 0.975786 0.091234
vt 0.975786 0.112427
vt 0.171720 0.464417
vt 0.171720 0.429105
vt 0.194582 0.429105
vt 0.194582 0.464417
vt 0.171720 0.388100
vt 0.194582 0.388100
vt 0.050379 0.429103
vt 0.050379 0.388098
vt 0.073571 0.388098
vt 0.073571 0.429103
vt 0.050378 0.464415
vt 0.073571 0.464415
vt 0.073571 0.388100
vt 0.073571 0.429105
vt 0.050379 0.429105
vt 0.050379 0.388100
vt 0.073571 0.464417
vt 0.050379 0.464416
vt 0.194581 0.429103
vt 0.194581 0.464415
vt 0.171720 0.464415
vt 0.171720 0.429103
vt 0.194581 0.388098
vt 0.171720 0.388098
vt 0.918010 0.013118
vt 0.918010 0.039461
vt 0.890554 0.039461
vt 0.890554 0.013118
vt 0.918010 0.067394
vt 0.890554 0.067394
vt 0.863097 0.067394
vt 0.863097 0.039461
vt 0.863097 0.013118
vt 0.123641 0.464415
vt 0.096360 0.464415
vt 0.096360 0.429103
vt 0.123641 0.429103
vt 0.096360 0.388098
vt 0.123641 0.388098
vt 0.096361 0.388100
vt 0.096361 0.429105
vt 0.123641 0.388100
vt 0.123641 0.429105
vt 0.123641 0.464417
vt 0.096361 0.464417
vt 0.150153 0.464415
vt 0.150153 0.429103
vt 0.150153 0.388098
vt 0.150153 0.388100
vt 0.150153 0.429105
vt 0.150153 0.464417
vt 0.918010 0.092276
vt 0.890554 0.092276
vt 0.918010 0.113161
vt 0.890554 0.113161
vt 0.863097 0.113161
vt 0.863097 0.092276
vt 0.150153 0.490121
vt 0.123641 0.490121
vt 0.171720 0.490121
vt 0.171720 0.511676
vt 0.150153 0.511676
vt 0.123641 0.511676
vt 0.194581 0.490121
vt 0.073571 0.490123
vt 0.050379 0.490123
vt 0.073571 0.511678
vt 0.050379 0.511677
vt 0.194581 0.511676
vt 0.096360 0.490123
vt 0.123641 0.490123
vt 0.123641 0.511678
vt 0.096360 0.511678
vt 0.150153 0.490123
vt 0.171720 0.490123
vt 0.171720 0.511678
vt 0.150153 0.511678
vt 0.096360 0.490121
vt 0.073571 0.490121
vt 0.096360 0.511676
vt 0.073571 0.511676
vt 0.194581 0.490123
vt 0.050378 0.490121
vt 0.050378 0.511675
vt 0.194581 0.511678
vt 0.150153 0.534093
vt 0.123641 0.534093
vt 0.171720 0.534093
vt 0.171720 0.557430
vt 0.150153 0.557430
vt 0.123641 0.557430
vt 0.194581 0.534095
vt 0.171720 0.534094
vt 0.073571 0.534092
vt 0.050378 0.534092
vt 0.073571 0.557430
vt 0.050378 0.557430
vt 0.194581 0.557432
vt 0.171720 0.557432
vt 0.150153 0.534094
vt 0.123641 0.534094
vt 0.150153 0.557432
vt 0.123641 0.557432
vt 0.096360 0.534092
vt 0.096360 0.557430
vt 0.194581 0.534093
vt 0.073571 0.534094
vt 0.050379 0.534094
vt 0.073571 0.557431
vt 0.050379 0.557431
vt 0.194581 0.557430
vt 0.096360 0.534094
vt 0.096360 0.557432
vt 0.096360 0.580448
vt 0.073571 0.580448
vt 0.123641 0.580448
vt 0.123641 0.602030
vt 0.096360 0.602030
vt 0.073571 0.602029
vt 0.194581 0.580448
vt 0.171720 0.580448
vt 0.073571 0.580450
vt 0.050378 0.580450
vt 0.073571 0.602031
vt 0.050378 0.602031
vt 0.194581 0.602030
vt 0.171719 0.602030
vt 0.096360 0.580450
vt 0.123641 0.580450
vt 0.123641 0.602031
vt 0.096360 0.602031
vt 0.150153 0.580448
vt 0.150153 0.602030
vt 0.194581 0.580450
vt 0.171720 0.580450
vt 0.050378 0.580448
vt 0.050378 0.602029
vt 0.194581 0.602032
vt 0.171720 0.602032
vt 0.150153 0.580450
vt 0.150153 0.602032
vt 0.171720 0.639778
vt 0.194581 0.639778
vt 0.194581 0.657163
vt 0.171720 0.657163
vt 0.050378 0.639775
vt 0.073571 0.639775
vt 0.073571 0.657159
vt 0.050378 0.657159
vt 0.073571 0.674165
vt 0.050378 0.674165
vt 0.194581 0.674169
vt 0.171720 0.674168
vt 0.123641 0.639778
vt 0.150153 0.639778
vt 0.150153 0.657162
vt 0.123641 0.657162
vt 0.150153 0.674168
vt 0.123641 0.674168
vt 0.096360 0.639775
vt 0.096360 0.657160
vt 0.123640 0.639775
vt 0.123640 0.657160
vt 0.123640 0.674166
vt 0.096360 0.674165
vt 0.171719 0.639776
vt 0.194581 0.639776
vt 0.194581 0.657161
vt 0.171719 0.657161
vt 0.050378 0.639777
vt 0.073571 0.639777
vt 0.073571 0.657161
vt 0.050378 0.657161
vt 0.073571 0.674167
vt 0.050378 0.674167
vt 0.194581 0.674167
vt 0.171719 0.674167
vt 0.096360 0.639777
vt 0.096360 0.657162
vt 0.096360 0.674167
vt 0.150153 0.639776
vt 0.150153 0.657160
vt 0.150152 0.674166
vt 0.150153 0.621589
vt 0.123641 0.621589
vt 0.171719 0.621589
vt 0.096360 0.621590
vt 0.073571 0.621590
vt 0.123641 0.621591
vt 0.194581 0.621589
vt 0.050378 0.621590
vt 0.096360 0.621588
vt 0.073571 0.621588
vt 0.150153 0.621591
vt 0.171720 0.621591
vt 0.194581 0.621591
vt 0.050378 0.621588
vt 0.169635 0.259131
vt 0.183805 0.259131
vt 0.183805 0.269907
vt 0.169635 0.269906
vt 0.094425 0.259130
vt 0.108800 0.259130
vt 0.108800 0.269905
vt 0.094425 0.269905
vt 0.108800 0.280446
vt 0.094425 0.280446
vt 0.183805 0.280447
vt 0.169635 0.280447
vt 0.139834 0.259131
vt 0.156267 0.259131
vt 0.156267 0.269906
vt 0.139834 0.269906
vt 0.156267 0.280447
vt 0.139834 0.280447
vt 0.122925 0.259130
vt 0.122925 0.269906
vt 0.139834 0.259131
vt 0.139834 0.269906
vt 0.139834 0.280446
vt 0.122925 0.280446
vt 0.169635 0.259131
vt 0.183805 0.259131
vt 0.183805 0.269906
vt 0.169635 0.269906
vt 0.094425 0.259130
vt 0.108800 0.259130
vt 0.108800 0.269906
vt 0.094425 0.269905
vt 0.108800 0.280446
vt 0.094425 0.280446
vt 0.183805 0.280447
vt 0.169635 0.280447
vt 0.122925 0.259131
vt 0.122925 0.269906
vt 0.122925 0.280446
vt 0.156267 0.259131
vt 0.156267 0.269906
vt 0.156267 0.280447
vt 0.122925 0.247858
vt 0.139834 0.247858
vt 0.108800 0.247858
vt 0.108800 0.235735
vt 0.122925 0.235735
vt 0.139834 0.235735
vt 0.156267 0.247858
vt 0.169635 0.247858
vt 0.156267 0.235735
vt 0.169635 0.235735
vt 0.094425 0.247858
vt 0.169635 0.247858
vt 0.183805 0.247858
vt 0.169635 0.235735
vt 0.183805 0.235735
vt 0.094425 0.235735
vt 0.156267 0.247858
vt 0.139835 0.247858
vt 0.139835 0.235735
vt 0.156267 0.235735
vt 0.094425 0.247858
vt 0.108800 0.247858
vt 0.183805 0.247858
vt 0.183805 0.235735
vt 0.094425 0.235735
vt 0.108800 0.235735
vt 0.122925 0.247858
vt 0.122925 0.235735
vt 0.156267 0.222358
vt 0.169635 0.222358
vt 0.139834 0.222358
vt 0.139835 0.208091
vt 0.156267 0.208091
vt 0.169635 0.208091
vt 0.094425 0.222358
vt 0.108800 0.222358
vt 0.169635 0.222358
vt 0.183805 0.222358
vt 0.169635 0.208091
vt 0.183805 0.208091
vt 0.094425 0.208091
vt 0.108800 0.208091
vt 0.156267 0.222358
vt 0.139835 0.222358
vt 0.139835 0.208091
vt 0.156267 0.208091
vt 0.094425 0.222358
vt 0.108800 0.222358
vt 0.183805 0.222358
vt 0.183805 0.208091
vt 0.094425 0.208091
vt 0.108800 0.208091
vt 0.122925 0.222358
vt 0.122926 0.208091
vt 0.122925 0.222358
vt 0.122925 0.208091
vt 0.094425 0.193626
vt 0.108800 0.193626
vt 0.169635 0.193626
vt 0.183805 0.193626
vt 0.169635 0.179732
vt 0.183805 0.179732
vt 0.094425 0.179731
vt 0.108800 0.179731
vt 0.122926 0.193626
vt 0.139835 0.193626
vt 0.122926 0.179731
vt 0.139835 0.179731
vt 0.122925 0.193626
vt 0.139835 0.193626
vt 0.108800 0.193626
vt 0.108800 0.179732
vt 0.122925 0.179732
vt 0.139835 0.179732
vt 0.156267 0.193626
vt 0.156267 0.179732
vt 0.094425 0.193626
vt 0.169635 0.193626
vt 0.183805 0.193626
vt 0.169635 0.179732
vt 0.183805 0.179732
vt 0.094425 0.179731
vt 0.156267 0.193626
vt 0.156267 0.179731
vt 0.156267 0.166372
vt 0.169635 0.166372
vt 0.139835 0.166372
vt 0.139835 0.150438
vt 0.156267 0.150438
vt 0.169635 0.150438
vt 0.094425 0.166372
vt 0.108800 0.166372
vt 0.169635 0.166372
vt 0.183805 0.166372
vt 0.169635 0.150438
vt 0.183805 0.150438
vt 0.094425 0.150438
vt 0.108800 0.150438
vt 0.156267 0.166372
vt 0.139835 0.166372
vt 0.139835 0.150438
vt 0.156267 0.150438
vt 0.094425 0.166371
vt 0.108800 0.166372
vt 0.183805 0.166372
vt 0.183805 0.150438
vt 0.094425 0.150438
vt 0.108800 0.150438
vt 0.122926 0.166372
vt 0.122926 0.150438
vt 0.122926 0.166372
vt 0.122926 0.150438
vt 0.122926 0.128551
vt 0.139835 0.128551
vt 0.108800 0.128551
vt 0.108800 0.103136
vt 0.122926 0.103136
vt 0.139835 0.103136
vt 0.122926 0.128551
vt 0.139835 0.128551
vt 0.108800 0.128551
vt 0.108800 0.103136
vt 0.122926 0.103136
vt 0.139835 0.103136
vt 0.156267 0.128552
vt 0.169635 0.128552
vt 0.156267 0.103136
vt 0.169635 0.103136
vt 0.094425 0.128551
vt 0.169635 0.128551
vt 0.183805 0.128551
vt 0.169635 0.103136
vt 0.183805 0.103136
vt 0.094425 0.103136
vt 0.156267 0.128551
vt 0.156268 0.103136
vt 0.094425 0.128551
vt 0.183805 0.128552
vt 0.183805 0.103136
vt 0.094425 0.103135
vt 0.840168 0.047803
vt 0.840168 0.060381
vt 0.830891 0.060381
vt 0.830891 0.047803
vt 0.840168 0.068234
vt 0.830891 0.068234
vt 0.821614 0.068234
vt 0.821614 0.060381
vt 0.821614 0.047803
vt 0.840168 0.010114
vt 0.840168 0.029172
vt 0.830891 0.029172
vt 0.830891 0.010114
vt 0.821614 0.029172
vt 0.821614 0.010114
vt 0.963928 0.559724
vt 0.963928 0.546307
vt 0.976490 0.546307
vt 0.976490 0.559724
vt 0.963928 0.534543
vt 0.976490 0.534543
vt 0.895833 0.545482
vt 0.895833 0.533768
vt 0.907963 0.533768
vt 0.907963 0.545482
vt 0.895834 0.559042
vt 0.907963 0.559042
vt 0.931211 0.559042
vt 0.931211 0.545482
vt 0.943005 0.545482
vt 0.943005 0.559042
vt 0.931211 0.533768
vt 0.943005 0.533768
vt 0.954830 0.533768
vt 0.954830 0.545482
vt 0.954830 0.559042
vt 0.973698 0.545482
vt 0.973698 0.559042
vt 0.973698 0.533768
vt 0.896572 0.546307
vt 0.896572 0.534543
vt 0.915429 0.534543
vt 0.915429 0.546307
vt 0.896572 0.559724
vt 0.915429 0.559724
vt 0.939857 0.559724
vt 0.939857 0.546307
vt 0.952102 0.546307
vt 0.952102 0.559724
vt 0.939857 0.534543
vt 0.952102 0.534543
vt 0.939857 0.591421
vt 0.939857 0.575305
vt 0.952102 0.575305
vt 0.952102 0.591421
vt 0.963928 0.575305
vt 0.963928 0.591421
vt 0.939857 0.620585
vt 0.952102 0.620585
vt 0.952102 0.635584
vt 0.939857 0.635584
vt 0.963928 0.620585
vt 0.963928 0.635584
vt 0.963928 0.650444
vt 0.952102 0.650444
vt 0.939857 0.650444
vt 0.931212 0.620655
vt 0.943005 0.620655
vt 0.943006 0.635839
vt 0.931212 0.635839
vt 0.954830 0.620655
vt 0.954830 0.635839
vt 0.954830 0.650787
vt 0.943006 0.650787
vt 0.931212 0.650787
vt 0.976490 0.620585
vt 0.976490 0.635584
vt 0.895834 0.620655
vt 0.907964 0.620655
vt 0.907964 0.635839
vt 0.895834 0.635839
vt 0.907964 0.650787
vt 0.895834 0.650787
vt 0.976490 0.650444
vt 0.067934 0.132095
vt 0.039595 0.132095
vt 0.039595 0.116437
vt 0.067934 0.116437
vt 0.011258 0.132095
vt 0.011258 0.116437
vt 0.011258 0.101224
vt 0.039595 0.101224
vt 0.067934 0.101224
vt 0.067934 0.075243
vt 0.039595 0.075243
vt 0.039595 0.063660
vt 0.067934 0.063660
vt 0.011258 0.075243
vt 0.011258 0.063660
vt 0.011258 0.053189
vt 0.039595 0.053189
vt 0.067934 0.053189
vt 0.963928 0.676943
vt 0.976490 0.676943
vt 0.976490 0.689289
vt 0.963928 0.689289
vt 0.895834 0.677771
vt 0.907964 0.677771
vt 0.907964 0.689893
vt 0.895834 0.689893
vt 0.907964 0.700689
vt 0.895834 0.700689
vt 0.976490 0.700763
vt 0.963928 0.700763
vt 0.939857 0.676943
vt 0.952102 0.676943
vt 0.952102 0.689289
vt 0.939857 0.689289
vt 0.952102 0.700763
vt 0.939857 0.700763
vt 0.931212 0.677771
vt 0.943006 0.677771
vt 0.943006 0.689893
vt 0.931212 0.689893
vt 0.954830 0.677771
vt 0.954830 0.689893
vt 0.954831 0.700689
vt 0.943006 0.700689
vt 0.931212 0.700689
vt 0.939857 0.732478
vt 0.952102 0.732478
vt 0.952102 0.738397
vt 0.939857 0.738397
vt 0.963928 0.732478
vt 0.963928 0.738397
vt 0.963928 0.744246
vt 0.952102 0.744246
vt 0.939857 0.744246
vt 0.931212 0.730877
vt 0.943006 0.730877
vt 0.943006 0.736890
vt 0.931212 0.736890
vt 0.954831 0.730877
vt 0.954831 0.736890
vt 0.954831 0.742742
vt 0.943006 0.742742
vt 0.931212 0.742742
vt 0.067934 0.024188
vt 0.039595 0.024188
vt 0.039595 0.018346
vt 0.067934 0.018346
vt 0.011258 0.024188
vt 0.011258 0.018346
vt 0.011258 0.012561
vt 0.039595 0.012561
vt 0.067934 0.012561
vt 0.976490 0.732478
vt 0.976490 0.738397
vt 0.895834 0.730877
vt 0.907964 0.730877
vt 0.907964 0.736890
vt 0.895834 0.736890
vt 0.907964 0.742742
vt 0.895834 0.742742
vt 0.976490 0.744246
vt 0.976490 0.710775
vt 0.963928 0.710775
vt 0.907964 0.709808
vt 0.895834 0.709808
vt 0.907964 0.717594
vt 0.895834 0.717594
vt 0.976490 0.719248
vt 0.963928 0.719248
vt 0.039595 0.044286
vt 0.067934 0.044286
vt 0.011258 0.044286
vt 0.011258 0.036756
vt 0.039595 0.036756
vt 0.067934 0.036756
vt 0.943006 0.709808
vt 0.931212 0.709808
vt 0.954831 0.709808
vt 0.954831 0.717594
vt 0.943006 0.717594
vt 0.931212 0.717594
vt 0.952102 0.710775
vt 0.939857 0.710775
vt 0.952102 0.719248
vt 0.939857 0.719248
vt 0.943006 0.664737
vt 0.931212 0.664737
vt 0.954830 0.664737
vt 0.952102 0.664146
vt 0.939857 0.664146
vt 0.963928 0.664146
vt 0.976490 0.664146
vt 0.907964 0.664737
vt 0.895834 0.664737
vt 0.039595 0.087604
vt 0.067934 0.087604
vt 0.011258 0.087604
vt 0.067934 0.164827
vt 0.039595 0.164827
vt 0.039595 0.147530
vt 0.067934 0.147530
vt 0.011258 0.164827
vt 0.011258 0.147530
vt 0.976490 0.591421
vt 0.976490 0.606224
vt 0.963928 0.606224
vt 0.895834 0.590702
vt 0.907963 0.590702
vt 0.907964 0.605925
vt 0.895834 0.605925
vt 0.931211 0.590702
vt 0.943005 0.590702
vt 0.943005 0.605925
vt 0.931211 0.605925
vt 0.954830 0.590702
vt 0.954830 0.605925
vt 0.952102 0.606224
vt 0.939857 0.606224
vt 0.067934 0.185000
vt 0.039595 0.185000
vt 0.067934 0.205043
vt 0.039595 0.205043
vt 0.011258 0.205043
vt 0.011258 0.185000
vt 0.931211 0.574530
vt 0.943005 0.574530
vt 0.954830 0.574530
vt 0.976490 0.575305
vt 0.895834 0.574530
vt 0.907963 0.574530
vt 0.919265 0.574530
vt 0.919265 0.590702
vt 0.919265 0.559042
vt 0.919265 0.605925
vt 0.919265 0.620655
vt 0.919265 0.650787
vt 0.919265 0.664737
vt 0.919265 0.677771
vt 0.919265 0.700689
vt 0.919265 0.709808
vt 0.919265 0.717594
vt 0.919265 0.730877
vt 0.919265 0.736890
vt 0.919265 0.742742
vt 0.919265 0.689893
vt 0.919265 0.635839
vt 0.919264 0.545482
vt 0.919264 0.533768
vt 0.915429 0.591421
vt 0.927688 0.591421
vt 0.927688 0.606224
vt 0.915429 0.606224
vt 0.927688 0.620585
vt 0.915429 0.620585
vt 0.915429 0.650444
vt 0.927688 0.650444
vt 0.927688 0.664146
vt 0.915429 0.664146
vt 0.927688 0.676943
vt 0.915429 0.676943
vt 0.915429 0.700763
vt 0.927688 0.700763
vt 0.927688 0.710775
vt 0.915429 0.710775
vt 0.927688 0.719248
vt 0.915429 0.719248
vt 0.915429 0.732478
vt 0.927688 0.732478
vt 0.927688 0.738397
vt 0.915429 0.738397
vt 0.927688 0.744246
vt 0.915429 0.744246
vt 0.927688 0.689289
vt 0.915429 0.689289
vt 0.927688 0.635584
vt 0.915429 0.635584
vt 0.915429 0.575305
vt 0.927688 0.575305
vt 0.927688 0.559724
vt 0.927688 0.546307
vt 0.927688 0.534543
vt 0.931211 0.510713
vt 0.919264 0.510713
vt 0.919264 0.498309
vt 0.931211 0.498309
vt 0.907963 0.510713
vt 0.907963 0.498309
vt 0.907963 0.483142
vt 0.919264 0.483142
vt 0.931211 0.483142
vt 0.915429 0.509487
vt 0.896572 0.509487
vt 0.896572 0.495832
vt 0.915429 0.495832
vt 0.973698 0.510713
vt 0.954830 0.510713
vt 0.954830 0.498309
vt 0.973698 0.498309
vt 0.954830 0.483142
vt 0.973698 0.483142
vt 0.896572 0.480231
vt 0.915429 0.480231
vt 0.895833 0.510713
vt 0.895833 0.498309
vt 0.976490 0.509487
vt 0.963928 0.509487
vt 0.963928 0.495832
vt 0.976490 0.495832
vt 0.963928 0.480231
vt 0.976490 0.480231
vt 0.895833 0.483142
vt 0.952102 0.509487
vt 0.952102 0.495832
vt 0.939857 0.509487
vt 0.939857 0.495832
vt 0.939857 0.480231
vt 0.952102 0.480231
vt 0.927688 0.509487
vt 0.927688 0.495832
vt 0.927688 0.480231
vt 0.943005 0.510713
vt 0.943005 0.498309
vt 0.943005 0.483142
vt 0.895833 0.463100
vt 0.907963 0.463100
vt 0.963928 0.461273
vt 0.976490 0.461273
vt 0.963928 0.440094
vt 0.976490 0.440094
vt 0.895833 0.439975
vt 0.907963 0.439975
vt 0.927688 0.461273
vt 0.939857 0.461273
vt 0.915429 0.461273
vt 0.915429 0.440094
vt 0.927688 0.440094
vt 0.939857 0.440094
vt 0.952102 0.461273
vt 0.952102 0.440094
vt 0.943005 0.463100
vt 0.954830 0.463100
vt 0.931211 0.463100
vt 0.931211 0.439975
vt 0.943005 0.439975
vt 0.954830 0.439975
vt 0.919264 0.463100
vt 0.919264 0.439975
vt 0.896572 0.461273
vt 0.973698 0.463100
vt 0.973698 0.439975
vt 0.896572 0.440094
vt 0.927688 0.726293
vt 0.915429 0.726293
vt 0.939857 0.726293
vt 0.919265 0.724519
vt 0.907964 0.724519
vt 0.931212 0.724519
vt 0.976490 0.726293
vt 0.963928 0.726293
vt 0.895834 0.724519
vt 0.039595 0.030205
vt 0.067934 0.030205
vt 0.011258 0.030205
vt 0.943006 0.724519
vt 0.954831 0.724519
vt 0.952102 0.726293
vt 0.943005 0.522367
vt 0.954830 0.522367
vt 0.931211 0.522367
vt 0.927688 0.522365
vt 0.939857 0.522365
vt 0.915429 0.522365
vt 0.952102 0.522365
vt 0.963928 0.522365
vt 0.895833 0.522367
vt 0.907963 0.522367
vt 0.976490 0.522365
vt 0.896572 0.522365
vt 0.973698 0.522367
vt 0.919264 0.522367
vt 0.228844 0.421495
vt 0.228844 0.437428
vt 0.214468 0.437428
vt 0.214468 0.421495
vt 0.228844 0.450788
vt 0.214468 0.450788
vt 0.303849 0.437428
vt 0.303849 0.450788
vt 0.289678 0.450788
vt 0.289679 0.437428
vt 0.303849 0.421495
vt 0.289679 0.421495
vt 0.259878 0.421495
vt 0.259878 0.437428
vt 0.242969 0.437428
vt 0.242969 0.421495
vt 0.259878 0.450788
vt 0.242969 0.450788
vt 0.228844 0.450788
vt 0.228844 0.437428
vt 0.228844 0.421495
vt 0.214469 0.437428
vt 0.214469 0.421495
vt 0.214469 0.450788
vt 0.303849 0.437428
vt 0.303848 0.450788
vt 0.289678 0.450788
vt 0.289678 0.437428
vt 0.303849 0.421495
vt 0.289678 0.421495
vt 0.259878 0.421495
vt 0.259878 0.437428
vt 0.242969 0.437428
vt 0.242969 0.421495
vt 0.259878 0.450788
vt 0.242969 0.450788
vt 0.736731 0.050114
vt 0.736731 0.028430
vt 0.762749 0.028430
vt 0.762749 0.050114
vt 0.736731 0.010052
vt 0.762749 0.010052
vt 0.788766 0.010052
vt 0.788766 0.028430
vt 0.788766 0.050114
vt 0.289679 0.374192
vt 0.289679 0.399608
vt 0.276311 0.399608
vt 0.276311 0.374192
vt 0.276311 0.421495
vt 0.259878 0.399608
vt 0.259878 0.374192
vt 0.259878 0.374192
vt 0.259878 0.399608
vt 0.242969 0.399608
vt 0.242969 0.374192
vt 0.228844 0.399608
vt 0.228844 0.374192
vt 0.228844 0.374192
vt 0.228844 0.399608
vt 0.214469 0.399608
vt 0.214469 0.374192
vt 0.303849 0.399608
vt 0.289678 0.399608
vt 0.303849 0.374192
vt 0.289679 0.374192
vt 0.242969 0.399608
vt 0.242969 0.374192
vt 0.214469 0.399608
vt 0.214469 0.374192
vt 0.303849 0.399608
vt 0.303849 0.374192
vt 0.276311 0.399608
vt 0.276311 0.374192
vt 0.276311 0.421495
vt 0.736731 0.096522
vt 0.736731 0.074072
vt 0.762749 0.074072
vt 0.762749 0.096522
vt 0.788766 0.074072
vt 0.788766 0.096522
vt 0.276311 0.437428
vt 0.276311 0.450788
vt 0.276311 0.437428
vt 0.276311 0.450788
vt 0.303849 0.464683
vt 0.289678 0.464683
vt 0.228844 0.464683
vt 0.214468 0.464683
vt 0.228844 0.479147
vt 0.214468 0.479147
vt 0.303849 0.479148
vt 0.289678 0.479148
vt 0.242969 0.464683
vt 0.259878 0.464683
vt 0.259878 0.479148
vt 0.242969 0.479148
vt 0.242969 0.464683
vt 0.228844 0.464683
vt 0.259878 0.464683
vt 0.259878 0.479148
vt 0.242969 0.479148
vt 0.228844 0.479147
vt 0.276311 0.464683
vt 0.289678 0.464683
vt 0.289678 0.479148
vt 0.276311 0.479148
vt 0.276311 0.464683
vt 0.276311 0.479148
vt 0.303848 0.464683
vt 0.214468 0.464683
vt 0.214468 0.479147
vt 0.303848 0.479148
vt 0.276311 0.493415
vt 0.259878 0.493415
vt 0.289678 0.493415
vt 0.289678 0.506792
vt 0.276311 0.506792
vt 0.259878 0.506792
vt 0.303848 0.493415
vt 0.289678 0.493415
vt 0.228844 0.493415
vt 0.214468 0.493415
vt 0.228844 0.506791
vt 0.214468 0.506791
vt 0.303848 0.506792
vt 0.289678 0.506792
vt 0.303849 0.493415
vt 0.228844 0.493415
vt 0.214468 0.493415
vt 0.228844 0.506791
vt 0.214468 0.506791
vt 0.303848 0.506792
vt 0.276311 0.493415
vt 0.259878 0.493415
vt 0.276311 0.506792
vt 0.259878 0.506792
vt 0.242969 0.493415
vt 0.242969 0.506791
vt 0.242969 0.493415
vt 0.242969 0.506791
vt 0.276311 0.518915
vt 0.259878 0.518915
vt 0.289678 0.518915
vt 0.289678 0.530188
vt 0.276311 0.530187
vt 0.259878 0.530187
vt 0.242969 0.518915
vt 0.228844 0.518914
vt 0.242969 0.530187
vt 0.228844 0.530187
vt 0.242969 0.518915
vt 0.228844 0.518914
vt 0.259878 0.518915
vt 0.259878 0.530187
vt 0.242969 0.530187
vt 0.228844 0.530187
vt 0.276311 0.518915
vt 0.289678 0.518915
vt 0.289678 0.530188
vt 0.276311 0.530187
vt 0.303848 0.518915
vt 0.214468 0.518914
vt 0.214468 0.530187
vt 0.303848 0.530188
vt 0.303848 0.518915
vt 0.214468 0.518914
vt 0.214468 0.530187
vt 0.303848 0.530188
vt 0.276311 0.540963
vt 0.259878 0.540963
vt 0.289678 0.540963
vt 0.289678 0.551504
vt 0.276311 0.551503
vt 0.259878 0.551503
vt 0.303848 0.540963
vt 0.289678 0.540963
vt 0.228844 0.540962
vt 0.214468 0.540962
vt 0.228844 0.551503
vt 0.214468 0.551502
vt 0.303848 0.551504
vt 0.289678 0.551504
vt 0.303848 0.540963
vt 0.228843 0.540962
vt 0.214468 0.540962
vt 0.228843 0.551503
vt 0.214468 0.551502
vt 0.303848 0.551504
vt 0.276311 0.540963
vt 0.259878 0.540963
vt 0.276311 0.551503
vt 0.259878 0.551503
vt 0.242969 0.540962
vt 0.242969 0.551503
vt 0.242969 0.540962
vt 0.242969 0.551503
s 1
usemtl Texture
f 2/1/2 339/2/339 979/3/979 406/4/406
f 339/5/339 4/6/4 405/7/405 979/8/979
f 979/8/979 405/7/405 37/9/37 403/10/403
f 406/4/406 979/3/979 403/11/403 35/12/35
f 16/13/16 357/14/357 980/15/980 353/16/353
f 357/17/357 14/18/14 343/19/343 980/20/980
f 980/20/980 343/19/343 11/21/11 379/22/379
f 353/16/353 980/15/980 379/23/379 9/24/9
f 14/18/14 363/25/363 981/26/981 343/19/343
f 363/25/363 13/27/13 354/28/354 981/26/981
f 981/26/981 354/28/354 12/29/12 351/30/351
f 343/19/343 981/26/981 351/30/351 11/21/11
f 9/24/9 379/23/379 982/31/982 355/32/355
f 379/22/379 11/21/11 346/33/346 982/34/982
f 982/34/982 346/33/346 6/35/6 345/36/345
f 355/32/355 982/31/982 345/37/345 8/38/8
f 12/29/12 349/39/349 983/40/983 344/41/344
f 349/42/349 10/43/10 347/44/347 983/45/983
f 983/45/983 347/44/347 7/46/7 341/47/341
f 344/41/344 983/40/983 341/48/341 5/49/5
f 13/27/13 364/50/364 984/51/984 354/28/354
f 364/52/364 15/53/15 342/54/342 984/55/984
f 984/55/984 342/54/342 10/43/10 349/42/349
f 354/28/354 984/51/984 349/39/349 12/29/12
f 44/56/44 424/57/424 985/58/985 372/59/372
f 424/57/424 43/60/43 418/61/418 985/58/985
f 985/58/985 418/61/418 24/62/24 373/63/373
f 372/59/372 985/58/985 373/63/373 23/64/23
f 11/21/11 351/30/351 986/65/986 346/33/346
f 351/30/351 12/29/12 344/41/344 986/65/986
f 986/65/986 344/41/344 5/49/5 348/66/348
f 346/33/346 986/65/986 348/66/348 6/35/6
f 33/67/33 390/68/390 987/69/987 382/70/382
f 390/71/390 30/72/30 381/73/381 987/74/987
f 987/74/987 381/73/381 28/75/28 385/76/385
f 382/70/382 987/69/987 385/77/385 25/78/25
f 10/43/10 350/79/350 988/80/988 347/44/347
f 350/79/350 9/24/9 355/32/355 988/80/988
f 988/80/988 355/32/355 8/38/8 356/81/356
f 347/44/347 988/80/988 356/81/356 7/46/7
f 24/62/24 368/82/368 989/83/989 376/84/376
f 368/85/368 22/86/22 365/87/365 989/88/989
f 989/88/989 365/87/365 19/89/19 378/90/378
f 376/84/376 989/83/989 378/91/378 17/92/17
f 23/64/23 373/63/373 990/93/990 367/94/367
f 373/63/373 24/62/24 376/84/376 990/93/990
f 990/93/990 376/84/376 17/92/17 366/95/366
f 367/94/367 990/93/990 366/95/366 18/96/18
f 18/96/18 366/95/366 991/97/991 362/98/362
f 366/95/366 17/92/17 358/99/358 991/97/991
f 991/97/991 358/99/358 16/13/16 352/100/352
f 362/98/362 991/97/991 352/100/352 15/53/15
f 17/92/17 378/91/378 992/101/992 358/99/358
f 378/90/378 19/89/19 361/102/361 992/103/992
f 992/103/992 361/102/361 14/18/14 357/17/357
f 358/99/358 992/101/992 357/14/357 16/13/16
f 22/86/22 375/104/375 993/105/993 365/87/365
f 375/104/375 21/106/21 377/107/377 993/105/993
f 993/105/993 377/107/377 20/108/20 360/109/360
f 365/87/365 993/105/993 360/109/360 19/89/19
f 42/110/42 423/111/423 994/112/994 369/113/369
f 423/111/423 45/114/45 420/115/420 994/112/994
f 994/112/994 420/115/420 21/106/21 375/104/375
f 369/113/369 994/112/994 375/104/375 22/86/22
f 45/114/45 422/116/422 995/117/995 420/115/420
f 422/118/422 44/56/44 372/59/372 995/119/995
f 995/119/995 372/59/372 23/64/23 370/120/370
f 420/115/420 995/117/995 370/121/370 21/106/21
f 43/60/43 421/122/421 996/123/996 418/61/418
f 421/124/421 42/110/42 369/113/369 996/125/996
f 996/125/996 369/113/369 22/86/22 368/85/368
f 418/61/418 996/123/996 368/82/368 24/62/24
f 15/53/15 352/100/352 997/126/997 342/54/342
f 352/100/352 16/13/16 353/16/353 997/126/997
f 997/126/997 353/16/353 9/24/9 350/79/350
f 342/54/342 997/126/997 350/79/350 10/43/10
f 21/106/21 370/121/370 998/127/998 377/107/377
f 370/120/370 23/64/23 367/94/367 998/128/998
f 998/128/998 367/94/367 18/96/18 380/129/380
f 377/107/377 998/127/998 380/130/380 20/108/20
f 20/108/20 380/130/380 999/131/999 359/132/359
f 380/129/380 18/96/18 362/98/362 999/133/999
f 999/133/999 362/98/362 15/53/15 364/52/364
f 359/132/359 999/131/999 364/50/364 13/27/13
f 19/89/19 360/109/360 1000/134/1000 361/102/361
f 360/109/360 20/108/20 359/132/359 1000/134/1000
f 1000/134/1000 359/132/359 13/27/13 363/25/363
f 361/102/361 1000/134/1000 363/25/363 14/18/14
f 31/135/31 400/136/400 1001/137/1001 383/138/383
f 400/139/400 32/140/32 395/141/395 1001/142/1001
f 1001/142/1001 395/141/395 26/143/26 394/144/394
f 383/138/383 1001/137/1001 394/145/394 27/146/27
f 30/72/30 389/147/389 1002/148/1002 381/73/381
f 389/147/389 31/135/31 383/138/383 1002/148/1002
f 1002/148/1002 383/138/383 27/146/27 392/149/392
f 381/73/381 1002/148/1002 392/149/392 28/75/28
f 32/140/32 391/150/391 1003/151/1003 395/141/395
f 391/150/391 33/67/33 382/70/382 1003/151/1003
f 1003/151/1003 382/70/382 25/78/25 384/152/384
f 395/141/395 1003/151/1003 384/152/384 26/143/26
f 81/153/81 500/154/500 1004/155/1004 489/156/489
f 500/154/500 84/157/84 496/158/496 1004/155/1004
f 1004/155/1004 496/158/496 79/159/79 397/160/397
f 489/156/489 1004/155/1004 397/160/397 80/161/80
f 83/162/83 499/163/499 1005/164/1005 491/165/491
f 499/163/499 82/166/82 494/167/494 1005/164/1005
f 1005/164/1005 494/167/494 29/168/29 399/169/399
f 491/165/491 1005/164/1005 399/169/399 78/170/78
f 82/166/82 498/171/498 1006/172/1006 494/167/494
f 498/173/498 81/153/81 489/156/489 1006/174/1006
f 1006/174/1006 489/156/489 80/161/80 398/175/398
f 494/167/494 1006/172/1006 398/176/398 29/168/29
f 84/157/84 497/177/497 1007/178/1007 496/158/496
f 497/179/497 83/162/83 491/165/491 1007/180/1007
f 1007/180/1007 491/165/491 78/170/78 393/181/393
f 496/158/496 1007/178/1007 393/182/393 79/159/79
f 7/46/7 356/81/356 1008/183/1008 396/184/396
f 356/81/356 8/38/8 388/185/388 1008/183/1008
f 1008/183/1008 388/185/388 33/67/33 391/150/391
f 396/184/396 1008/183/1008 391/150/391 32/140/32
f 8/38/8 345/37/345 1009/186/1009 388/185/388
f 345/36/345 6/35/6 387/187/387 1009/188/1009
f 1009/188/1009 387/187/387 30/72/30 390/71/390
f 388/185/388 1009/186/1009 390/68/390 33/67/33
f 6/35/6 348/66/348 1010/189/1010 387/187/387
f 348/66/348 5/49/5 386/190/386 1010/189/1010
f 1010/189/1010 386/190/386 31/135/31 389/147/389
f 387/187/387 1010/189/1010 389/147/389 30/72/30
f 5/49/5 341/48/341 1011/191/1011 386/190/386
f 341/47/341 7/46/7 396/184/396 1011/192/1011
f 1011/192/1011 396/184/396 32/140/32 400/139/400
f 386/190/386 1011/191/1011 400/136/400 31/135/31
f 3/193/3 337/194/337 1012/195/1012 408/196/408
f 337/197/337 1/198/1 407/199/407 1012/200/1012
f 1012/200/1012 407/199/407 34/201/34 401/202/401
f 408/196/408 1012/195/1012 401/203/401 36/204/36
f 4/6/4 340/205/340 1013/206/1013 405/7/405
f 340/205/340 3/193/3 408/196/408 1013/206/1013
f 1013/206/1013 408/196/408 36/204/36 404/207/404
f 405/7/405 1013/206/1013 404/207/404 37/9/37
f 1/198/1 338/208/338 1014/209/1014 407/199/407
f 338/208/338 2/1/2 406/4/406 1014/209/1014
f 1014/209/1014 406/4/406 35/12/35 402/210/402
f 407/199/407 1014/209/1014 402/210/402 34/201/34
f 35/12/35 403/11/403 1015/211/1015 414/212/414
f 403/10/403 37/9/37 413/213/413 1015/214/1015
f 1015/214/1015 413/213/413 41/215/41 411/216/411
f 414/212/414 1015/211/1015 411/217/411 39/218/39
f 36/204/36 401/203/401 1016/219/1016 416/220/416
f 401/202/401 34/201/34 415/221/415 1016/222/1016
f 1016/222/1016 415/221/415 38/223/38 409/224/409
f 416/220/416 1016/219/1016 409/225/409 40/226/40
f 37/9/37 404/207/404 1017/227/1017 413/213/413
f 404/207/404 36/204/36 416/220/416 1017/227/1017
f 1017/227/1017 416/220/416 40/226/40 412/228/412
f 413/213/413 1017/227/1017 412/228/412 41/215/41
f 34/201/34 402/210/402 1018/229/1018 415/221/415
f 402/210/402 35/12/35 414/212/414 1018/229/1018
f 1018/229/1018 414/212/414 39/218/39 410/230/410
f 415/221/415 1018/229/1018 410/230/410 38/223/38
f 1/198/1 337/197/337 1019/231/1019 371/232/371
f 337/194/337 3/193/3 417/233/417 1019/234/1019
f 1019/234/1019 417/233/417 42/110/42 421/124/421
f 371/232/371 1019/231/1019 421/122/421 43/60/43
f 4/6/4 339/5/339 1020/235/1020 374/236/374
f 339/2/339 2/1/2 419/237/419 1020/238/1020
f 1020/238/1020 419/237/419 44/56/44 422/118/422
f 374/236/374 1020/235/1020 422/116/422 45/114/45
f 3/193/3 340/205/340 1021/239/1021 417/233/417
f 340/205/340 4/6/4 374/236/374 1021/239/1021
f 1021/239/1021 374/236/374 45/114/45 423/111/423
f 417/233/417 1021/239/1021 423/111/423 42/110/42
f 2/1/2 338/208/338 1022/240/1022 419/237/419
f 338/208/338 1/198/1 371/232/371 1022/240/1022
f 1022/240/1022 371/232/371 43/60/43 424/57/424
f 419/237/419 1022/240/1022 424/57/424 44/56/44
f 39/218/39 411/217/411 1023/241/1023 430/242/430
f 411/216/411 41/215/41 429/243/429 1023/244/1023
f 1023/244/1023 429/243/429 49/245/49 427/246/427
f 430/242/430 1023/241/1023 427/247/427 47/248/47
f 40/226/40 409/225/409 1024/249/1024 432/250/432
f 409/224/409 38/223/38 431/251/431 1024/252/1024
f 1024/252/1024 431/251/431 46/253/46 425/254/425
f 432/250/432 1024/249/1024 425/255/425 48/256/48
f 41/215/41 412/228/412 1025/257/1025 429/243/429
f 412/228/412 40/226/40 432/250/432 1025/257/1025
f 1025/257/1025 432/250/432 48/256/48 428/258/428
f 429/243/429 1025/257/1025 428/258/428 49/245/49
f 38/223/38 410/230/410 1026/259/1026 431/251/431
f 410/230/410 39/218/39 430/242/430 1026/259/1026
f 1026/259/1026 430/242/430 47/248/47 426/260/426
f 431/251/431 1026/259/1026 426/260/426 46/253/46
f 46/253/46 426/260/426 1027/261/1027 438/262/438
f 426/260/426 47/248/47 437/263/437 1027/261/1027
f 1027/261/1027 437/263/437 51/264/51 434/265/434
f 438/262/438 1027/261/1027 434/265/434 50/266/50
f 47/248/47 427/247/427 1028/267/1028 437/263/437
f 427/246/427 49/245/49 439/268/439 1028/269/1028
f 1028/269/1028 439/268/439 53/270/53 435/271/435
f 437/263/437 1028/267/1028 435/272/435 51/264/51
f 48/256/48 425/255/425 1029/273/1029 440/274/440
f 425/254/425 46/253/46 438/262/438 1029/275/1029
f 1029/275/1029 438/262/438 50/266/50 433/276/433
f 440/274/440 1029/273/1029 433/277/433 52/278/52
f 49/245/49 428/258/428 1030/279/1030 439/268/439
f 428/258/428 48/256/48 440/274/440 1030/279/1030
f 1030/279/1030 440/274/440 52/278/52 436/280/436
f 439/268/439 1030/279/1030 436/280/436 53/270/53
f 51/264/51 435/272/435 1031/281/1031 446/282/446
f 435/271/435 53/270/53 445/283/445 1031/284/1031
f 1031/284/1031 445/283/445 57/285/57 443/286/443
f 446/282/446 1031/281/1031 443/287/443 55/288/55
f 52/278/52 433/277/433 1032/289/1032 448/290/448
f 433/276/433 50/266/50 447/291/447 1032/292/1032
f 1032/292/1032 447/291/447 54/293/54 441/294/441
f 448/290/448 1032/289/1032 441/295/441 56/296/56
f 53/270/53 436/280/436 1033/297/1033 445/283/445
f 436/280/436 52/278/52 448/290/448 1033/297/1033
f 1033/297/1033 448/290/448 56/296/56 444/298/444
f 445/283/445 1033/297/1033 444/298/444 57/285/57
f 50/266/50 434/265/434 1034/299/1034 447/291/447
f 434/265/434 51/264/51 446/282/446 1034/299/1034
f 1034/299/1034 446/282/446 55/288/55 442/300/442
f 447/291/447 1034/299/1034 442/300/442 54/293/54
f 57/285/57 444/298/444 1035/301/1035 454/302/454
f 444/298/444 56/296/56 453/303/453 1035/301/1035
f 1035/301/1035 453/303/453 60/304/60 452/305/452
f 454/302/454 1035/301/1035 452/305/452 61/306/61
f 54/293/54 442/300/442 1036/307/1036 456/308/456
f 442/300/442 55/288/55 455/309/455 1036/307/1036
f 1036/307/1036 455/309/455 59/310/59 450/311/450
f 456/308/456 1036/307/1036 450/311/450 58/312/58
f 55/288/55 443/287/443 1037/313/1037 455/309/455
f 443/286/443 57/285/57 454/302/454 1037/314/1037
f 1037/314/1037 454/302/454 61/306/61 451/315/451
f 455/309/455 1037/313/1037 451/316/451 59/310/59
f 56/296/56 441/295/441 1038/317/1038 453/303/453
f 441/294/441 54/293/54 456/308/456 1038/318/1038
f 1038/318/1038 456/308/456 58/312/58 449/319/449
f 453/303/453 1038/317/1038 449/320/449 60/304/60
f 59/310/59 451/316/451 1039/321/1039 462/322/462
f 451/315/451 61/306/61 461/323/461 1039/324/1039
f 1039/324/1039 461/323/461 65/325/65 459/326/459
f 462/322/462 1039/321/1039 459/327/459 63/328/63
f 60/304/60 449/320/449 1040/329/1040 464/330/464
f 449/319/449 58/312/58 463/331/463 1040/332/1040
f 1040/332/1040 463/331/463 62/333/62 457/334/457
f 464/330/464 1040/329/1040 457/335/457 64/336/64
f 61/306/61 452/305/452 1041/337/1041 461/323/461
f 452/305/452 60/304/60 464/330/464 1041/337/1041
f 1041/337/1041 464/330/464 64/336/64 460/338/460
f 461/323/461 1041/337/1041 460/338/460 65/325/65
f 58/312/58 450/311/450 1042/339/1042 463/331/463
f 450/311/450 59/310/59 462/322/462 1042/339/1042
f 1042/339/1042 462/322/462 63/328/63 458/340/458
f 463/331/463 1042/339/1042 458/340/458 62/333/62
f 63/328/63 459/327/459 1043/341/1043 470/342/470
f 459/326/459 65/325/65 469/343/469 1043/344/1043
f 1043/344/1043 469/343/469 69/345/69 467/346/467
f 470/342/470 1043/341/1043 467/347/467 67/348/67
f 64/336/64 457/335/457 1044/349/1044 472/350/472
f 457/334/457 62/333/62 471/351/471 1044/352/1044
f 1044/352/1044 471/351/471 66/353/66 465/354/465
f 472/350/472 1044/349/1044 465/355/465 68/356/68
f 65/325/65 460/338/460 1045/357/1045 469/343/469
f 460/338/460 64/336/64 472/350/472 1045/357/1045
f 1045/357/1045 472/350/472 68/356/68 468/358/468
f 469/343/469 1045/357/1045 468/358/468 69/345/69
f 62/333/62 458/340/458 1046/359/1046 471/351/471
f 458/340/458 63/328/63 470/342/470 1046/359/1046
f 1046/359/1046 470/342/470 67/348/67 466/360/466
f 471/351/471 1046/359/1046 466/360/466 66/353/66
f 74/361/74 488/362/488 1047/363/1047 475/364/475
f 488/362/488 75/365/75 477/366/477 1047/363/1047
f 1047/363/1047 477/366/477 73/367/73 482/368/482
f 475/364/475 1047/363/1047 482/368/482 70/369/70
f 75/365/75 487/370/487 1048/371/1048 477/366/477
f 487/372/487 76/373/76 473/374/473 1048/375/1048
f 1048/375/1048 473/374/473 71/376/71 481/377/481
f 477/366/477 1048/371/1048 481/378/481 73/367/73
f 76/373/76 486/379/486 1049/380/1049 473/374/473
f 486/379/486 77/381/77 479/382/479 1049/380/1049
f 1049/380/1049 479/382/479 72/383/72 480/384/480
f 473/374/473 1049/380/1049 480/384/480 71/376/71
f 77/381/77 485/385/485 1050/386/1050 479/382/479
f 485/387/485 74/361/74 475/364/475 1050/388/1050
f 1050/388/1050 475/364/475 70/369/70 483/389/483
f 479/382/479 1050/386/1050 483/390/483 72/383/72
f 68/356/68 465/355/465 1051/391/1051 484/392/484
f 465/354/465 66/353/66 476/393/476 1051/394/1051
f 1051/394/1051 476/393/476 74/361/74 485/387/485
f 484/392/484 1051/391/1051 485/385/485 77/381/77
f 69/345/69 468/358/468 1052/395/1052 478/396/478
f 468/358/468 68/356/68 484/392/484 1052/395/1052
f 1052/395/1052 484/392/484 77/381/77 486/379/486
f 478/396/478 1052/395/1052 486/379/486 76/373/76
f 67/348/67 467/347/467 1053/397/1053 474/398/474
f 467/346/467 69/345/69 478/396/478 1053/399/1053
f 1053/399/1053 478/396/478 76/373/76 487/372/487
f 474/398/474 1053/397/1053 487/370/487 75/365/75
f 66/353/66 466/360/466 1054/400/1054 476/393/476
f 466/360/466 67/348/67 474/398/474 1054/400/1054
f 1054/400/1054 474/398/474 75/365/75 488/362/488
f 476/393/476 1054/400/1054 488/362/488 74/361/74
f 27/146/27 394/145/394 1055/401/1055 492/402/492
f 394/144/394 26/143/26 495/403/495 1055/404/1055
f 1055/404/1055 495/403/495 83/162/83 497/179/497
f 492/402/492 1055/401/1055 497/177/497 84/157/84
f 25/78/25 385/77/385 1056/405/1056 490/406/490
f 385/76/385 28/75/28 493/407/493 1056/408/1056
f 1056/408/1056 493/407/493 81/153/81 498/173/498
f 490/406/490 1056/405/1056 498/171/498 82/166/82
f 26/143/26 384/152/384 1057/409/1057 495/403/495
f 384/152/384 25/78/25 490/406/490 1057/409/1057
f 1057/409/1057 490/406/490 82/166/82 499/163/499
f 495/403/495 1057/409/1057 499/163/499 83/162/83
f 28/75/28 392/149/392 1058/410/1058 493/407/493
f 392/149/392 27/146/27 492/402/492 1058/410/1058
f 1058/410/1058 492/402/492 84/157/84 500/154/500
f 493/407/493 1058/410/1058 500/154/500 81/153/81
f 85/411/85 502/412/502 1059/413/1059 501/414/501
f 502/412/502 86/415/86 503/416/503 1059/413/1059
f 1059/417/1059 503/418/503 88/419/88 504/420/504
f 501/421/501 1059/417/1059 504/420/504 87/422/87
f 125/423/125 590/424/590 1060/425/1060 576/426/576
f 590/424/590 126/427/126 506/428/506 1060/425/1060
f 1060/425/1060 506/428/506 92/429/92 507/430/507
f 576/426/576 1060/425/1060 507/430/507 91/431/91
f 91/431/91 507/430/507 1061/432/1061 508/433/508
f 507/430/507 92/429/92 509/434/509 1061/432/1061
f 1061/435/1061 509/436/509 90/437/90 510/438/510
f 508/439/508 1061/435/1061 510/438/510 89/440/89
f 117/441/117 575/442/575 1062/443/1062 561/444/561
f 575/442/575 118/445/118 512/446/512 1062/443/1062
f 1062/443/1062 512/446/512 86/415/86 502/412/502
f 561/444/561 1062/443/1062 502/412/502 85/411/85
f 88/419/88 503/418/503 1063/447/1063 518/448/518
f 503/416/503 86/415/86 517/449/517 1063/450/1063
f 1063/450/1063 517/449/517 93/451/93 513/452/513
f 518/448/518 1063/447/1063 513/453/513 94/454/94
f 118/445/118 562/455/562 1064/456/1064 574/457/574
f 562/455/562 90/437/90 519/458/519 1064/456/1064
f 1064/456/1064 519/458/519 95/459/95 563/460/563
f 574/457/574 1064/456/1064 563/460/563 119/461/119
f 126/427/126 577/462/577 1065/463/1065 589/464/589
f 577/462/577 88/419/88 518/448/518 1065/463/1065
f 1065/463/1065 518/448/518 94/454/94 578/465/578
f 589/464/589 1065/463/1065 578/465/578 127/466/127
f 90/437/90 509/436/509 1066/467/1066 519/458/519
f 509/434/509 92/429/92 520/468/520 1066/469/1066
f 1066/469/1066 520/468/520 96/470/96 515/471/515
f 519/458/519 1066/467/1066 515/472/515 95/459/95
f 119/461/119 563/460/563 1067/473/1067 573/474/573
f 563/460/563 95/459/95 525/475/525 1067/473/1067
f 1067/473/1067 525/475/525 99/476/99 564/477/564
f 573/474/573 1067/473/1067 564/477/564 120/478/120
f 127/466/127 578/465/578 1068/479/1068 588/480/588
f 578/465/578 94/454/94 527/481/527 1068/479/1068
f 1068/479/1068 527/481/527 98/482/98 579/483/579
f 588/480/588 1068/479/1068 579/483/579 128/484/128
f 95/459/95 515/472/515 1069/485/1069 525/475/525
f 515/471/515 96/470/96 528/486/528 1069/487/1069
f 1069/487/1069 528/486/528 100/488/100 523/489/523
f 525/475/525 1069/485/1069 523/490/523 99/476/99
f 94/454/94 513/453/513 1070/491/1070 527/481/527
f 513/452/513 93/451/93 526/492/526 1070/493/1070
f 1070/493/1070 526/492/526 97/494/97 521/495/521
f 527/481/527 1070/491/1070 521/496/521 98/482/98
f 99/476/99 523/490/523 1071/497/1071 534/498/534
f 523/489/523 100/488/100 533/499/533 1071/500/1071
f 1071/500/1071 533/499/533 104/501/104 531/502/531
f 534/498/534 1071/497/1071 531/503/531 103/504/103
f 98/482/98 521/496/521 1072/505/1072 536/506/536
f 521/495/521 97/494/97 535/507/535 1072/508/1072
f 1072/508/1072 535/507/535 101/509/101 529/510/529
f 536/506/536 1072/505/1072 529/511/529 102/512/102
f 120/478/120 564/477/564 1073/513/1073 572/514/572
f 564/477/564 99/476/99 534/498/534 1073/513/1073
f 1073/513/1073 534/498/534 103/504/103 565/515/565
f 572/514/572 1073/513/1073 565/515/565 121/516/121
f 128/484/128 579/483/579 1074/517/1074 587/518/587
f 579/483/579 98/482/98 536/506/536 1074/517/1074
f 1074/517/1074 536/506/536 102/512/102 580/519/580
f 587/518/587 1074/517/1074 580/519/580 129/520/129
f 91/431/91 508/433/508 1075/521/1075 542/522/542
f 508/439/508 89/440/89 541/523/541 1075/524/1075
f 1075/524/1075 541/523/541 107/525/107 539/526/539
f 542/522/542 1075/521/1075 539/527/539 108/528/108
f 117/441/117 561/444/561 1076/529/1076 571/530/571
f 561/444/561 85/411/85 543/531/543 1076/529/1076
f 1076/529/1076 543/531/543 105/532/105 566/533/566
f 571/530/571 1076/529/1076 566/533/566 122/534/122
f 125/423/125 576/426/576 1077/535/1077 586/536/586
f 576/426/576 91/431/91 542/522/542 1077/535/1077
f 1077/535/1077 542/522/542 108/528/108 581/537/581
f 586/536/586 1077/535/1077 581/537/581 130/538/130
f 85/411/85 501/414/501 1078/539/1078 543/531/543
f 501/421/501 87/422/87 544/540/544 1078/541/1078
f 1078/541/1078 544/540/544 106/542/106 537/543/537
f 543/531/543 1078/539/1078 537/544/537 105/532/105
f 108/528/108 539/527/539 1079/545/1079 550/546/550
f 539/526/539 107/525/107 549/547/549 1079/548/1079
f 1079/548/1079 549/547/549 111/549/111 547/550/547
f 550/546/550 1079/545/1079 547/551/547 112/552/112
f 105/532/105 537/544/537 1080/553/1080 552/554/552
f 537/543/537 106/542/106 551/555/551 1080/556/1080
f 1080/556/1080 551/555/551 110/557/110 545/558/545
f 552/554/552 1080/553/1080 545/559/545 109/560/109
f 122/534/122 566/533/566 1081/561/1081 570/562/570
f 566/533/566 105/532/105 552/554/552 1081/561/1081
f 1081/561/1081 552/554/552 109/560/109 567/563/567
f 570/562/570 1081/561/1081 567/563/567 123/564/123
f 130/538/130 581/537/581 1082/565/1082 585/566/585
f 581/537/581 108/528/108 550/546/550 1082/565/1082
f 1082/565/1082 550/546/550 112/552/112 582/567/582
f 585/566/585 1082/565/1082 582/567/582 131/568/131
f 123/564/123 567/563/567 1083/569/1083 569/570/569
f 567/563/567 109/560/109 557/571/557 1083/569/1083
f 1083/569/1083 557/571/557 113/572/113 568/573/568
f 569/570/569 1083/569/1083 568/573/568 124/574/124
f 131/568/131 582/567/582 1084/575/1084 584/576/584
f 582/567/582 112/552/112 559/577/559 1084/575/1084
f 1084/575/1084 559/577/559 116/578/116 583/579/583
f 584/576/584 1084/575/1084 583/579/583 132/580/132
f 112/552/112 547/551/547 1085/581/1085 559/577/559
f 547/550/547 111/549/111 558/582/558 1085/583/1085
f 1085/583/1085 558/582/558 115/584/115 555/585/555
f 559/577/559 1085/581/1085 555/586/555 116/578/116
f 109/560/109 545/559/545 1086/587/1086 557/571/557
f 545/558/545 110/557/110 560/588/560 1086/589/1086
f 1086/589/1086 560/588/560 114/590/114 553/591/553
f 557/571/557 1086/587/1086 553/592/553 113/572/113
f 111/549/111 548/593/548 1087/594/1087 558/582/558
f 548/593/548 123/564/123 569/570/569 1087/594/1087
f 1087/594/1087 569/570/569 124/574/124 556/595/556
f 558/582/558 1087/594/1087 556/595/556 115/584/115
f 107/525/107 540/596/540 1088/597/1088 549/547/549
f 540/596/540 122/534/122 570/562/570 1088/597/1088
f 1088/597/1088 570/562/570 123/564/123 548/593/548
f 549/547/549 1088/597/1088 548/593/548 111/549/111
f 89/440/89 511/598/511 1089/599/1089 541/523/541
f 511/598/511 117/441/117 571/530/571 1089/599/1089
f 1089/599/1089 571/530/571 122/534/122 540/596/540
f 541/523/541 1089/599/1089 540/596/540 107/525/107
f 97/494/97 524/600/524 1090/601/1090 535/507/535
f 524/600/524 120/478/120 572/514/572 1090/601/1090
f 1090/601/1090 572/514/572 121/516/121 532/602/532
f 535/507/535 1090/601/1090 532/602/532 101/509/101
f 93/451/93 516/603/516 1091/604/1091 526/492/526
f 516/603/516 119/461/119 573/474/573 1091/604/1091
f 1091/604/1091 573/474/573 120/478/120 524/600/524
f 526/492/526 1091/604/1091 524/600/524 97/494/97
f 86/415/86 512/446/512 1092/605/1092 517/449/517
f 512/446/512 118/445/118 574/457/574 1092/605/1092
f 1092/605/1092 574/457/574 119/461/119 516/603/516
f 517/449/517 1092/605/1092 516/603/516 93/451/93
f 89/440/89 510/438/510 1093/606/1093 511/598/511
f 510/438/510 90/437/90 562/455/562 1093/606/1093
f 1093/606/1093 562/455/562 118/445/118 575/442/575
f 511/598/511 1093/606/1093 575/442/575 117/441/117
f 110/557/110 546/607/546 1094/608/1094 560/588/560
f 546/607/546 131/568/131 584/576/584 1094/608/1094
f 1094/608/1094 584/576/584 132/580/132 554/609/554
f 560/588/560 1094/608/1094 554/609/554 114/590/114
f 106/542/106 538/610/538 1095/611/1095 551/555/551
f 538/610/538 130/538/130 585/566/585 1095/611/1095
f 1095/611/1095 585/566/585 131/568/131 546/607/546
f 551/555/551 1095/611/1095 546/607/546 110/557/110
f 87/422/87 505/612/505 1096/613/1096 544/540/544
f 505/612/505 125/423/125 586/536/586 1096/613/1096
f 1096/613/1096 586/536/586 130/538/130 538/610/538
f 544/540/544 1096/613/1096 538/610/538 106/542/106
f 100/488/100 522/614/522 1097/615/1097 533/499/533
f 522/614/522 128/484/128 587/518/587 1097/615/1097
f 1097/615/1097 587/518/587 129/520/129 530/616/530
f 533/499/533 1097/615/1097 530/616/530 104/501/104
f 96/470/96 514/617/514 1098/618/1098 528/486/528
f 514/617/514 127/466/127 588/480/588 1098/618/1098
f 1098/618/1098 588/480/588 128/484/128 522/614/522
f 528/486/528 1098/618/1098 522/614/522 100/488/100
f 92/429/92 506/428/506 1099/619/1099 520/468/520
f 506/428/506 126/427/126 589/464/589 1099/619/1099
f 1099/619/1099 589/464/589 127/466/127 514/617/514
f 520/468/520 1099/619/1099 514/617/514 96/470/96
f 87/422/87 504/420/504 1100/620/1100 505/612/505
f 504/420/504 88/419/88 577/462/577 1100/620/1100
f 1100/620/1100 577/462/577 126/427/126 590/424/590
f 505/612/505 1100/620/1100 590/424/590 125/423/125
f 113/621/113 553/622/553 1101/623/1101 568/624/568
f 553/622/553 114/625/114 554/626/554 1101/623/1101
f 1101/623/1101 554/626/554 132/627/132 591/628/591
f 568/624/568 1101/623/1101 591/628/591 124/629/124
f 115/630/115 556/631/556 1102/632/1102 555/633/555
f 556/631/556 124/629/124 591/628/591 1102/632/1102
f 1102/632/1102 591/628/591 132/627/132 583/634/583
f 555/633/555 1102/632/1102 583/634/583 116/635/116
f 137/636/137 608/637/608 1103/638/1103 605/639/605
f 608/637/608 141/640/141 603/641/603 1103/638/1103
f 1103/642/1103 603/643/603 143/644/143 604/645/604
f 605/646/605 1103/642/1103 604/645/604 139/647/139
f 142/648/142 601/649/601 1104/650/1104 610/651/610
f 601/649/601 138/652/138 606/653/606 1104/650/1104
f 1104/654/1104 606/655/606 140/656/140 607/657/607
f 610/658/610 1104/654/1104 607/657/607 144/659/144
f 144/660/144 593/661/593 1105/662/1105 610/663/610
f 593/661/593 133/664/133 595/665/595 1105/662/1105
f 1105/662/1105 595/665/595 134/666/134 602/667/602
f 610/663/610 1105/662/1105 602/667/602 142/668/142
f 136/669/136 596/670/596 1106/671/1106 592/672/592
f 596/670/596 139/647/139 604/645/604 1106/671/1106
f 1106/671/1106 604/645/604 143/644/143 609/673/609
f 592/672/592 1106/671/1106 609/673/609 133/674/133
f 142/648/142 602/675/602 1107/676/1107 601/649/601
f 602/675/602 134/677/134 594/678/594 1107/676/1107
f 1107/676/1107 594/678/594 135/679/135 600/680/600
f 601/649/601 1107/676/1107 600/680/600 138/652/138
f 140/656/140 597/681/597 1108/682/1108 607/657/607
f 597/681/597 136/669/136 592/672/592 1108/682/1108
f 1108/682/1108 592/672/592 133/674/133 593/683/593
f 607/657/607 1108/682/1108 593/683/593 144/659/144
f 134/677/134 599/684/599 1109/685/1109 594/678/594
f 599/684/599 141/640/141 608/637/608 1109/685/1109
f 1109/685/1109 608/637/608 137/636/137 598/686/598
f 594/678/594 1109/685/1109 598/686/598 135/679/135
f 133/664/133 609/687/609 1110/688/1110 595/665/595
f 609/687/609 143/689/143 603/690/603 1110/688/1110
f 1110/688/1110 603/690/603 141/691/141 599/692/599
f 595/665/595 1110/688/1110 599/692/599 134/666/134
f 136/669/136 597/681/597 1111/693/1111 618/694/618
f 597/681/597 140/656/140 617/695/617 1111/693/1111
f 1111/693/1111 617/695/617 150/696/150 612/697/612
f 618/694/618 1111/693/1111 612/697/612 146/698/146
f 140/656/140 606/655/606 1112/699/1112 617/695/617
f 606/653/606 138/652/138 619/700/619 1112/701/1112
f 1112/701/1112 619/700/619 148/702/148 616/703/616
f 617/695/617 1112/699/1112 616/704/616 150/696/150
f 138/652/138 600/680/600 1113/705/1113 619/700/619
f 600/680/600 135/679/135 620/706/620 1113/705/1113
f 1113/705/1113 620/706/620 145/707/145 614/708/614
f 619/700/619 1113/705/1113 614/708/614 148/702/148
f 135/679/135 598/686/598 1114/709/1114 620/706/620
f 598/686/598 137/636/137 621/710/621 1114/709/1114
f 1114/709/1114 621/710/621 147/711/147 613/712/613
f 620/706/620 1114/709/1114 613/712/613 145/707/145
f 139/647/139 596/670/596 1115/713/1115 622/714/622
f 596/670/596 136/669/136 618/694/618 1115/713/1115
f 1115/713/1115 618/694/618 146/698/146 611/715/611
f 622/714/622 1115/713/1115 611/715/611 149/716/149
f 137/636/137 605/639/605 1116/717/1116 621/710/621
f 605/646/605 139/647/139 622/714/622 1116/718/1116
f 1116/718/1116 622/714/622 149/716/149 615/719/615
f 621/710/621 1116/717/1116 615/720/615 147/711/147
f 146/698/146 612/697/612 1117/721/1117 630/722/630
f 612/697/612 150/696/150 629/723/629 1117/721/1117
f 1117/721/1117 629/723/629 156/724/156 624/725/624
f 630/722/630 1117/721/1117 624/725/624 152/726/152
f 147/711/147 615/720/615 1118/727/1118 632/728/632
f 615/719/615 149/716/149 631/729/631 1118/730/1118
f 1118/730/1118 631/729/631 155/731/155 627/732/627
f 632/728/632 1118/727/1118 627/733/627 153/734/153
f 145/707/145 613/712/613 1119/735/1119 633/736/633
f 613/712/613 147/711/147 632/728/632 1119/735/1119
f 1119/735/1119 632/728/632 153/734/153 625/737/625
f 633/736/633 1119/735/1119 625/737/625 151/738/151
f 149/716/149 611/715/611 1120/739/1120 631/729/631
f 611/715/611 146/698/146 630/722/630 1120/739/1120
f 1120/739/1120 630/722/630 152/726/152 623/740/623
f 631/729/631 1120/739/1120 623/740/623 155/731/155
f 150/696/150 616/704/616 1121/741/1121 629/723/629
f 616/703/616 148/702/148 634/742/634 1121/743/1121
f 1121/743/1121 634/742/634 154/744/154 628/745/628
f 629/723/629 1121/741/1121 628/746/628 156/724/156
f 148/702/148 614/708/614 1122/747/1122 634/742/634
f 614/708/614 145/707/145 633/736/633 1122/747/1122
f 1122/747/1122 633/736/633 151/738/151 626/748/626
f 634/742/634 1122/747/1122 626/748/626 154/744/154
f 155/731/155 623/740/623 1123/749/1123 642/750/642
f 623/740/623 152/726/152 641/751/641 1123/749/1123
f 1123/749/1123 641/751/641 158/752/158 635/753/635
f 642/750/642 1123/749/1123 635/753/635 161/754/161
f 156/724/156 628/746/628 1124/755/1124 644/756/644
f 628/745/628 154/744/154 643/757/643 1124/758/1124
f 1124/758/1124 643/757/643 160/759/160 640/760/640
f 644/756/644 1124/755/1124 640/761/640 162/762/162
f 154/744/154 626/748/626 1125/763/1125 643/757/643
f 626/748/626 151/738/151 645/764/645 1125/763/1125
f 1125/763/1125 645/764/645 157/765/157 638/766/638
f 643/757/643 1125/763/1125 638/766/638 160/759/160
f 152/726/152 624/725/624 1126/767/1126 641/751/641
f 624/725/624 156/724/156 644/756/644 1126/767/1126
f 1126/767/1126 644/756/644 162/762/162 636/768/636
f 641/751/641 1126/767/1126 636/768/636 158/752/158
f 153/734/153 627/733/627 1127/769/1127 646/770/646
f 627/732/627 155/731/155 642/750/642 1127/771/1127
f 1127/771/1127 642/750/642 161/754/161 639/772/639
f 646/770/646 1127/769/1127 639/773/639 159/774/159
f 151/738/151 625/737/625 1128/775/1128 645/764/645
f 625/737/625 153/734/153 646/770/646 1128/775/1128
f 1128/775/1128 646/770/646 159/774/159 637/776/637
f 645/764/645 1128/775/1128 637/776/637 157/765/157
f 170/777/170 670/778/670 1129/779/1129 660/780/660
f 670/781/670 169/782/169 653/783/653 1129/784/1129
f 1129/784/1129 653/783/653 167/785/167 651/786/651
f 660/780/660 1129/779/1129 651/787/651 165/788/165
f 171/789/171 669/790/669 1130/791/1130 661/792/661
f 669/790/669 170/777/170 660/780/660 1130/791/1130
f 1130/791/1130 660/780/660 165/788/165 649/793/649
f 661/792/661 1130/791/1130 649/793/649 163/794/163
f 169/782/169 668/795/668 1131/796/1131 653/783/653
f 668/795/668 172/797/172 656/798/656 1131/796/1131
f 1131/796/1131 656/798/656 164/799/164 647/800/647
f 653/783/653 1131/796/1131 647/800/647 167/785/167
f 174/801/174 667/802/667 1132/803/1132 664/804/664
f 667/805/667 173/806/173 657/807/657 1132/808/1132
f 1132/808/1132 657/807/657 166/809/166 652/810/652
f 664/804/664 1132/803/1132 652/811/652 168/812/168
f 173/806/173 666/813/666 1133/814/1133 657/807/657
f 666/813/666 171/789/171 661/792/661 1133/814/1133
f 1133/814/1133 661/792/661 163/794/163 650/815/650
f 657/807/657 1133/814/1133 650/815/650 166/809/166
f 172/797/172 665/816/665 1134/817/1134 656/798/656
f 665/816/665 174/801/174 664/804/664 1134/817/1134
f 1134/817/1134 664/804/664 168/812/168 648/818/648
f 656/798/656 1134/817/1134 648/818/648 164/799/164
f 158/752/158 636/768/636 1135/819/1135 662/820/662
f 636/768/636 162/762/162 658/821/658 1135/819/1135
f 1135/819/1135 658/821/658 174/801/174 665/816/665
f 662/820/662 1135/819/1135 665/816/665 172/797/172
f 160/759/160 638/766/638 1136/822/1136 663/823/663
f 638/766/638 157/765/157 655/824/655 1136/822/1136
f 1136/822/1136 655/824/655 171/789/171 666/813/666
f 663/823/663 1136/822/1136 666/813/666 173/806/173
f 162/762/162 640/761/640 1137/825/1137 658/821/658
f 640/760/640 160/759/160 663/823/663 1137/826/1137
f 1137/826/1137 663/823/663 173/806/173 667/805/667
f 658/821/658 1137/825/1137 667/802/667 174/801/174
f 161/754/161 635/753/635 1138/827/1138 659/828/659
f 635/753/635 158/752/158 662/820/662 1138/827/1138
f 1138/827/1138 662/820/662 172/797/172 668/795/668
f 659/828/659 1138/827/1138 668/795/668 169/782/169
f 157/765/157 637/776/637 1139/829/1139 655/824/655
f 637/776/637 159/774/159 654/830/654 1139/829/1139
f 1139/829/1139 654/830/654 170/777/170 669/790/669
f 655/824/655 1139/829/1139 669/790/669 171/789/171
f 159/774/159 639/773/639 1140/831/1140 654/830/654
f 639/772/639 161/754/161 659/828/659 1140/832/1140
f 1140/832/1140 659/828/659 169/782/169 670/781/670
f 654/830/654 1140/831/1140 670/778/670 170/777/170
f 182/833/182 688/834/688 1141/835/1141 680/836/680
f 688/837/688 181/838/181 677/839/677 1141/840/1141
f 1141/840/1141 677/839/677 179/841/179 675/842/675
f 680/836/680 1141/835/1141 675/843/675 177/844/177
f 183/845/183 687/846/687 1142/847/1142 681/848/681
f 687/846/687 182/833/182 680/836/680 1142/847/1142
f 1142/847/1142 680/836/680 177/844/177 673/849/673
f 681/848/681 1142/847/1142 673/849/673 175/850/175
f 181/838/181 686/851/686 1143/852/1143 677/839/677
f 686/851/686 184/853/184 678/854/678 1143/852/1143
f 1143/852/1143 678/854/678 176/855/176 671/856/671
f 677/839/677 1143/852/1143 671/856/671 179/841/179
f 186/857/186 685/858/685 1144/859/1144 682/860/682
f 685/861/685 185/862/185 679/863/679 1144/864/1144
f 1144/864/1144 679/863/679 178/865/178 676/866/676
f 682/860/682 1144/859/1144 676/867/676 180/868/180
f 185/862/185 684/869/684 1145/870/1145 679/863/679
f 684/869/684 183/845/183 681/848/681 1145/870/1145
f 1145/870/1145 681/848/681 175/850/175 674/871/674
f 679/863/679 1145/870/1145 674/871/674 178/865/178
f 184/853/184 683/872/683 1146/873/1146 678/854/678
f 683/872/683 186/857/186 682/860/682 1146/873/1146
f 1146/873/1146 682/860/682 180/868/180 672/874/672
f 678/854/678 1146/873/1146 672/874/672 176/855/176
f 183/845/183 684/869/684 1147/875/1147 696/876/696
f 684/869/684 185/862/185 695/877/695 1147/875/1147
f 1147/875/1147 695/877/695 191/878/191 690/879/690
f 696/876/696 1147/875/1147 690/879/690 189/880/189
f 182/833/182 687/846/687 1148/881/1148 697/882/697
f 687/846/687 183/845/183 696/876/696 1148/881/1148
f 1148/881/1148 696/876/696 189/880/189 693/883/693
f 697/882/697 1148/881/1148 693/883/693 188/884/188
f 185/862/185 685/861/685 1149/885/1149 695/877/695
f 685/858/685 186/857/186 698/886/698 1149/887/1149
f 1149/887/1149 698/886/698 192/888/192 691/889/691
f 695/877/695 1149/885/1149 691/890/691 191/878/191
f 186/857/186 683/872/683 1150/891/1150 698/886/698
f 683/872/683 184/853/184 699/892/699 1150/891/1150
f 1150/891/1150 699/892/699 190/893/190 689/894/689
f 698/886/698 1150/891/1150 689/894/689 192/888/192
f 181/838/181 688/837/688 1151/895/1151 700/896/700
f 688/834/688 182/833/182 697/882/697 1151/897/1151
f 1151/897/1151 697/882/697 188/884/188 694/898/694
f 700/896/700 1151/895/1151 694/899/694 187/900/187
f 184/853/184 686/851/686 1152/901/1152 699/892/699
f 686/851/686 181/838/181 700/896/700 1152/901/1152
f 1152/901/1152 700/896/700 187/900/187 692/902/692
f 699/892/699 1152/901/1152 692/902/692 190/893/190
f 188/884/188 693/883/693 1153/903/1153 708/904/708
f 693/883/693 189/880/189 707/905/707 1153/903/1153
f 1153/903/1153 707/905/707 195/906/195 705/907/705
f 708/904/708 1153/903/1153 705/907/705 194/908/194
f 191/878/191 691/890/691 1154/909/1154 710/910/710
f 691/889/691 192/888/192 709/911/709 1154/912/1154
f 1154/912/1154 709/911/709 198/913/198 703/914/703
f 710/910/710 1154/909/1154 703/915/703 197/916/197
f 192/888/192 689/894/689 1155/917/1155 709/911/709
f 689/894/689 190/893/190 711/918/711 1155/917/1155
f 1155/917/1155 711/918/711 196/919/196 701/920/701
f 709/911/709 1155/917/1155 701/920/701 198/913/198
f 187/900/187 694/899/694 1156/921/1156 712/922/712
f 694/898/694 188/884/188 708/904/708 1156/923/1156
f 1156/923/1156 708/904/708 194/908/194 706/924/706
f 712/922/712 1156/921/1156 706/925/706 193/926/193
f 190/893/190 692/902/692 1157/927/1157 711/918/711
f 692/902/692 187/900/187 712/922/712 1157/927/1157
f 1157/927/1157 712/922/712 193/926/193 704/928/704
f 711/918/711 1157/927/1157 704/928/704 196/919/196
f 189/880/189 690/879/690 1158/929/1158 707/905/707
f 690/879/690 191/878/191 710/910/710 1158/929/1158
f 1158/929/1158 710/910/710 197/916/197 702/930/702
f 707/905/707 1158/929/1158 702/930/702 195/906/195
f 193/926/193 706/925/706 1159/931/1159 720/932/720
f 706/924/706 194/908/194 719/933/719 1159/934/1159
f 1159/934/1159 719/933/719 200/935/200 718/936/718
f 720/932/720 1159/931/1159 718/937/718 199/938/199
f 196/919/196 704/928/704 1160/939/1160 721/940/721
f 704/928/704 193/926/193 720/932/720 1160/939/1160
f 1160/939/1160 720/932/720 199/938/199 716/941/716
f 721/940/721 1160/939/1160 716/941/716 202/942/202
f 195/906/195 702/930/702 1161/943/1161 723/944/723
f 702/930/702 197/916/197 722/945/722 1161/943/1161
f 1161/943/1161 722/945/722 203/946/203 714/947/714
f 723/944/723 1161/943/1161 714/947/714 201/948/201
f 194/908/194 705/907/705 1162/949/1162 719/933/719
f 705/907/705 195/906/195 723/944/723 1162/949/1162
f 1162/949/1162 723/944/723 201/948/201 717/950/717
f 719/933/719 1162/949/1162 717/950/717 200/935/200
f 197/916/197 703/915/703 1163/951/1163 722/945/722
f 703/914/703 198/913/198 724/952/724 1163/953/1163
f 1163/953/1163 724/952/724 204/954/204 715/955/715
f 722/945/722 1163/951/1163 715/956/715 203/946/203
f 198/913/198 701/920/701 1164/957/1164 724/952/724
f 701/920/701 196/919/196 721/940/721 1164/957/1164
f 1164/957/1164 721/940/721 202/942/202 713/958/713
f 724/952/724 1164/957/1164 713/958/713 204/954/204
f 200/935/200 717/950/717 1165/959/1165 732/960/732
f 717/950/717 201/948/201 731/961/731 1165/959/1165
f 1165/959/1165 731/961/731 207/962/207 729/963/729
f 732/960/732 1165/959/1165 729/963/729 206/964/206
f 203/946/203 715/956/715 1166/965/1166 734/966/734
f 715/955/715 204/954/204 733/967/733 1166/968/1166
f 1166/968/1166 733/967/733 210/969/210 727/970/727
f 734/966/734 1166/965/1166 727/971/727 209/972/209
f 204/954/204 713/958/713 1167/973/1167 733/967/733
f 713/958/713 202/942/202 735/974/735 1167/973/1167
f 1167/973/1167 735/974/735 208/975/208 725/976/725
f 733/967/733 1167/973/1167 725/976/725 210/969/210
f 199/938/199 718/937/718 1168/977/1168 736/978/736
f 718/936/718 200/935/200 732/960/732 1168/979/1168
f 1168/979/1168 732/960/732 206/964/206 730/980/730
f 736/978/736 1168/977/1168 730/981/730 205/982/205
f 202/942/202 716/941/716 1169/983/1169 735/974/735
f 716/941/716 199/938/199 736/978/736 1169/983/1169
f 1169/983/1169 736/978/736 205/982/205 728/984/728
f 735/974/735 1169/983/1169 728/984/728 208/975/208
f 201/948/201 714/947/714 1170/985/1170 731/961/731
f 714/947/714 203/946/203 734/966/734 1170/985/1170
f 1170/985/1170 734/966/734 209/972/209 726/986/726
f 731/961/731 1170/985/1170 726/986/726 207/962/207
f 208/975/208 728/984/728 1171/987/1171 744/988/744
f 728/984/728 205/982/205 743/989/743 1171/987/1171
f 1171/987/1171 743/989/743 211/990/211 740/991/740
f 744/988/744 1171/987/1171 740/991/740 214/992/214
f 207/962/207 726/986/726 1172/993/1172 746/994/746
f 726/986/726 209/972/209 745/995/745 1172/993/1172
f 1172/993/1172 745/995/745 215/996/215 738/997/738
f 746/994/746 1172/993/1172 738/997/738 213/998/213
f 206/964/206 729/963/729 1173/999/1173 747/1000/747
f 729/963/729 207/962/207 746/994/746 1173/999/1173
f 1173/999/1173 746/994/746 213/998/213 741/1001/741
f 747/1000/747 1173/999/1173 741/1001/741 212/1002/212
f 209/972/209 727/971/727 1174/1003/1174 745/995/745
f 727/970/727 210/969/210 748/1004/748 1174/1005/1174
f 1174/1005/1174 748/1004/748 216/1006/216 739/1007/739
f 745/995/745 1174/1003/1174 739/1008/739 215/996/215
f 210/969/210 725/976/725 1175/1009/1175 748/1004/748
f 725/976/725 208/975/208 744/988/744 1175/1009/1175
f 1175/1009/1175 744/988/744 214/992/214 737/1010/737
f 748/1004/748 1175/1009/1175 737/1010/737 216/1006/216
f 205/982/205 730/981/730 1176/1011/1176 743/989/743
f 730/980/730 206/964/206 747/1000/747 1176/1012/1176
f 1176/1012/1176 747/1000/747 212/1002/212 742/1013/742
f 743/989/743 1176/1011/1176 742/1014/742 211/990/211
f 214/1015/214 740/1016/740 1177/1017/1177 749/1018/749
f 740/1016/740 211/1019/211 742/1020/742 1177/1017/1177
f 1177/1017/1177 742/1020/742 212/1021/212 741/1022/741
f 749/1018/749 1177/1017/1177 741/1022/741 213/1023/213
f 216/1024/216 737/1025/737 1178/1026/1178 739/1027/739
f 737/1025/737 214/1015/214 749/1018/749 1178/1026/1178
f 1178/1026/1178 749/1018/749 213/1023/213 738/1028/738
f 739/1027/739 1178/1026/1178 738/1028/738 215/1029/215
f 249/1030/249 751/1031/751 1179/1032/1179 817/1033/817
f 751/1031/751 218/1034/218 752/1035/752 1179/1032/1179
f 1179/1036/1179 752/1037/752 220/1038/220 811/1039/811
f 817/1040/817 1179/1036/1179 811/1039/811 250/1041/250
f 261/1042/261 834/1043/834 1180/1044/1180 816/1045/816
f 834/1043/834 254/1046/254 755/1047/755 1180/1044/1180
f 1180/1044/1180 755/1047/755 224/1048/224 812/1049/812
f 816/1045/816 1180/1044/1180 812/1049/812 251/1050/251
f 251/1050/251 812/1049/812 1181/1051/1181 815/1052/815
f 812/1049/812 224/1048/224 758/1053/758 1181/1051/1181
f 1181/1054/1181 758/1055/758 222/1056/222 813/1057/813
f 815/1058/815 1181/1054/1181 813/1057/813 252/1059/252
f 270/1060/270 851/1061/851 1182/1062/1182 814/1063/814
f 851/1061/851 263/1064/263 761/1065/761 1182/1062/1182
f 1182/1062/1182 761/1065/761 218/1034/218 751/1031/751
f 814/1063/814 1182/1062/1182 751/1031/751 249/1030/249
f 262/1066/262 850/1067/850 1183/1068/1183 835/1069/835
f 850/1067/850 270/1060/270 814/1063/814 1183/1068/1183
f 1183/1068/1183 814/1063/814 249/1030/249 810/1070/810
f 835/1069/835 1183/1068/1183 810/1070/810 217/1071/217
f 269/1072/269 842/1073/842 1184/1074/1184 849/1075/849
f 842/1073/842 245/1076/245 766/1077/766 1184/1074/1184
f 1184/1074/1184 766/1077/766 225/1078/225 837/1079/837
f 849/1075/849 1184/1074/1184 837/1079/837 264/1080/264
f 260/1081/260 825/1082/825 1185/1083/1185 833/1084/833
f 825/1082/825 247/1085/247 768/1086/768 1185/1083/1185
f 1185/1083/1185 768/1086/768 228/1087/228 820/1088/820
f 833/1084/833 1185/1083/1185 820/1088/820 255/1089/255
f 245/1076/245 807/1090/807 1186/1091/1186 766/1077/766
f 807/1092/807 248/1093/248 805/1094/805 1186/1095/1186
f 1186/1095/1186 805/1094/805 226/1096/226 762/1097/762
f 766/1077/766 1186/1091/1186 762/1098/762 225/1078/225
f 247/1099/247 806/1100/806 1187/1101/1187 768/1102/768
f 806/1100/806 246/1103/246 803/1104/803 1187/1101/1187
f 1187/1101/1187 803/1104/803 227/1105/227 764/1106/764
f 768/1102/768 1187/1101/1187 764/1106/764 228/1107/228
f 242/1108/242 801/1109/801 1188/1110/1188 795/1111/795
f 801/1109/801 241/1112/241 774/1113/774 1188/1110/1188
f 1188/1110/1188 774/1113/774 231/1114/231 772/1115/772
f 795/1111/795 1188/1110/1188 772/1115/772 232/1116/232
f 244/1117/244 800/1118/800 1189/1119/1189 797/1120/797
f 800/1121/800 243/1122/243 776/1123/776 1189/1124/1189
f 1189/1124/1189 776/1123/776 230/1125/230 770/1126/770
f 797/1120/797 1189/1119/1189 770/1127/770 229/1128/229
f 268/1129/268 841/1130/841 1190/1131/1190 848/1132/848
f 841/1130/841 244/1117/244 797/1120/797 1190/1131/1190
f 1190/1131/1190 797/1120/797 229/1128/229 838/1133/838
f 848/1132/848 1190/1131/1190 838/1133/838 265/1134/265
f 259/1135/259 824/1136/824 1191/1137/1191 832/1138/832
f 824/1136/824 242/1139/242 795/1140/795 1191/1137/1191
f 1191/1137/1191 795/1140/795 232/1141/232 821/1142/821
f 832/1138/832 1191/1137/1191 821/1142/821 256/1143/256
f 288/1144/288 887/1145/887 1192/1146/1192 847/1147/847
f 887/1145/887 283/1148/283 782/1149/782 1192/1146/1192
f 1192/1146/1192 782/1149/782 233/1150/233 839/1151/839
f 847/1147/847 1192/1146/1192 839/1151/839 266/1152/266
f 287/1153/287 886/1154/886 1193/1155/1193 831/1156/831
f 886/1154/886 284/1157/284 784/1158/784 1193/1155/1193
f 1193/1155/1193 784/1158/784 236/1159/236 822/1160/822
f 831/1156/831 1193/1155/1193 822/1160/822 257/1161/257
f 284/1162/284 885/1163/885 1194/1164/1194 784/1165/784
f 885/1163/885 285/1166/285 878/1167/878 1194/1164/1194
f 1194/1164/1194 878/1167/878 235/1168/235 780/1169/780
f 784/1165/784 1194/1164/1194 780/1169/780 236/1170/236
f 283/1148/283 884/1171/884 1195/1172/1195 782/1149/782
f 884/1173/884 286/1174/286 879/1175/879 1195/1176/1195
f 1195/1176/1195 879/1175/879 234/1177/234 778/1178/778
f 782/1149/782 1195/1172/1195 778/1179/778 233/1150/233
f 229/1128/229 770/1127/770 1196/1180/1196 786/1181/786
f 770/1126/770 230/1125/230 785/1182/785 1196/1183/1196
f 1196/1183/1196 785/1182/785 240/1184/240 790/1185/790
f 786/1181/786 1196/1180/1196 790/1186/790 237/1187/237
f 232/1116/232 772/1115/772 1197/1188/1197 788/1189/788
f 772/1115/772 231/1114/231 783/1190/783 1197/1188/1197
f 1197/1188/1197 783/1190/783 238/1191/238 791/1192/791
f 788/1189/788 1197/1188/1197 791/1192/791 239/1193/239
f 256/1143/256 821/1142/821 1198/1194/1198 830/1195/830
f 821/1142/821 232/1141/232 788/1196/788 1198/1194/1198
f 1198/1194/1198 788/1196/788 239/1197/239 823/1198/823
f 830/1195/830 1198/1194/1198 823/1198/823 258/1199/258
f 265/1134/265 838/1133/838 1199/1200/1199 846/1201/846
f 838/1133/838 229/1128/229 786/1181/786 1199/1200/1199
f 1199/1200/1199 786/1181/786 237/1187/237 840/1202/840
f 846/1201/846 1199/1200/1199 840/1202/840 267/1203/267
f 255/1089/255 820/1088/820 1200/1204/1200 829/1205/829
f 820/1088/820 228/1087/228 775/1206/775 1200/1204/1200
f 1200/1204/1200 775/1206/775 242/1139/242 824/1136/824
f 829/1205/829 1200/1204/1200 824/1136/824 259/1135/259
f 264/1080/264 837/1079/837 1201/1207/1201 845/1208/845
f 837/1079/837 225/1078/225 777/1209/777 1201/1207/1201
f 1201/1207/1201 777/1209/777 244/1117/244 841/1130/841
f 845/1208/845 1201/1207/1201 841/1130/841 268/1129/268
f 225/1078/225 762/1098/762 1202/1210/1202 777/1209/777
f 762/1097/762 226/1096/226 796/1211/796 1202/1212/1202
f 1202/1212/1202 796/1211/796 243/1122/243 800/1121/800
f 777/1209/777 1202/1210/1202 800/1118/800 244/1117/244
f 228/1107/228 764/1106/764 1203/1213/1203 775/1214/775
f 764/1106/764 227/1105/227 794/1215/794 1203/1213/1203
f 1203/1213/1203 794/1215/794 241/1112/241 801/1109/801
f 775/1214/775 1203/1213/1203 801/1109/801 242/1108/242
f 223/1216/223 757/1217/757 1204/1218/1204 804/1219/804
f 757/1217/757 221/1220/221 767/1221/767 1204/1218/1204
f 1204/1218/1204 767/1221/767 246/1103/246 806/1100/806
f 804/1219/804 1204/1218/1204 806/1100/806 247/1099/247
f 217/1071/217 750/1222/750 1205/1223/1205 802/1224/802
f 750/1225/750 219/1226/219 769/1227/769 1205/1228/1205
f 1205/1228/1205 769/1227/769 248/1093/248 807/1092/807
f 802/1224/802 1205/1223/1205 807/1090/807 245/1076/245
f 253/1229/253 818/1230/818 1206/1231/1206 828/1232/828
f 818/1230/818 223/1233/223 804/1234/804 1206/1231/1206
f 1206/1231/1206 804/1234/804 247/1085/247 825/1082/825
f 828/1232/828 1206/1231/1206 825/1082/825 260/1081/260
f 262/1066/262 835/1069/835 1207/1235/1207 844/1236/844
f 835/1069/835 217/1071/217 802/1224/802 1207/1235/1207
f 1207/1235/1207 802/1224/802 245/1076/245 842/1073/842
f 844/1236/844 1207/1235/1207 842/1073/842 269/1072/269
f 223/1216/223 756/1237/756 1208/1238/1208 757/1217/757
f 756/1237/756 251/1239/251 815/1240/815 1208/1238/1208
f 1208/1238/1208 815/1240/815 252/1241/252 759/1242/759
f 757/1217/757 1208/1238/1208 759/1242/759 221/1220/221
f 253/1229/253 827/1243/827 1209/1244/1209 818/1230/818
f 827/1243/827 261/1042/261 816/1045/816 1209/1244/1209
f 1209/1244/1209 816/1045/816 251/1050/251 756/1245/756
f 818/1230/818 1209/1244/1209 756/1245/756 223/1233/223
f 217/1071/217 810/1070/810 1210/1246/1210 750/1222/750
f 810/1070/810 249/1030/249 817/1033/817 1210/1246/1210
f 1210/1247/1210 817/1040/817 250/1041/250 753/1248/753
f 750/1225/750 1210/1247/1210 753/1248/753 219/1226/219
f 219/1226/219 753/1248/753 1211/1249/1211 754/1250/754
f 753/1248/753 250/1041/250 826/1251/826 1211/1249/1211
f 1211/1249/1211 826/1251/826 261/1042/261 827/1243/827
f 754/1250/754 1211/1249/1211 827/1243/827 253/1229/253
f 219/1226/219 754/1250/754 1212/1252/1212 769/1227/769
f 754/1250/754 253/1229/253 828/1232/828 1212/1252/1212
f 1212/1252/1212 828/1232/828 260/1081/260 808/1253/808
f 769/1227/769 1212/1252/1212 808/1253/808 248/1093/248
f 226/1096/226 763/1254/763 1213/1255/1213 796/1211/796
f 763/1254/763 255/1089/255 829/1205/829 1213/1255/1213
f 1213/1255/1213 829/1205/829 259/1135/259 798/1256/798
f 796/1211/796 1213/1255/1213 798/1256/798 243/1122/243
f 230/1125/230 771/1257/771 1214/1258/1214 785/1182/785
f 771/1257/771 256/1143/256 830/1195/830 1214/1258/1214
f 1214/1258/1214 830/1195/830 258/1199/258 792/1259/792
f 785/1182/785 1214/1258/1214 792/1259/792 240/1184/240
f 286/1174/286 883/1260/883 1215/1261/1215 879/1175/879
f 883/1260/883 287/1153/287 831/1156/831 1215/1261/1215
f 1215/1261/1215 831/1156/831 257/1161/257 779/1262/779
f 879/1175/879 1215/1261/1215 779/1262/779 234/1177/234
f 243/1122/243 798/1256/798 1216/1263/1216 776/1123/776
f 798/1256/798 259/1135/259 832/1138/832 1216/1263/1216
f 1216/1263/1216 832/1138/832 256/1143/256 771/1257/771
f 776/1123/776 1216/1263/1216 771/1257/771 230/1125/230
f 248/1093/248 808/1253/808 1217/1264/1217 805/1094/805
f 808/1253/808 260/1081/260 833/1084/833 1217/1264/1217
f 1217/1264/1217 833/1084/833 255/1089/255 763/1254/763
f 805/1094/805 1217/1264/1217 763/1254/763 226/1096/226
f 250/1041/250 811/1039/811 1218/1265/1218 826/1251/826
f 811/1039/811 220/1038/220 819/1266/819 1218/1265/1218
f 1218/1265/1218 819/1266/819 254/1046/254 834/1043/834
f 826/1251/826 1218/1265/1218 834/1043/834 261/1042/261
f 221/1267/221 760/1268/760 1219/1269/1219 767/1270/767
f 760/1268/760 262/1066/262 844/1236/844 1219/1269/1219
f 1219/1269/1219 844/1236/844 269/1072/269 809/1271/809
f 767/1270/767 1219/1269/1219 809/1271/809 246/1272/246
f 227/1273/227 765/1274/765 1220/1275/1220 794/1276/794
f 765/1274/765 264/1080/264 845/1208/845 1220/1275/1220
f 1220/1275/1220 845/1208/845 268/1129/268 799/1277/799
f 794/1276/794 1220/1275/1220 799/1277/799 241/1278/241
f 231/1279/231 773/1280/773 1221/1281/1221 783/1282/783
f 773/1280/773 265/1134/265 846/1201/846 1221/1281/1221
f 1221/1281/1221 846/1201/846 267/1203/267 793/1283/793
f 783/1282/783 1221/1281/1221 793/1283/793 238/1284/238
f 285/1285/285 882/1286/882 1222/1287/1222 878/1288/878
f 882/1286/882 288/1144/288 847/1147/847 1222/1287/1222
f 1222/1287/1222 847/1147/847 266/1152/266 781/1289/781
f 878/1288/878 1222/1287/1222 781/1289/781 235/1290/235
f 241/1278/241 799/1277/799 1223/1291/1223 774/1292/774
f 799/1277/799 268/1129/268 848/1132/848 1223/1291/1223
f 1223/1291/1223 848/1132/848 265/1134/265 773/1280/773
f 774/1292/774 1223/1291/1223 773/1280/773 231/1279/231
f 246/1272/246 809/1271/809 1224/1293/1224 803/1294/803
f 809/1271/809 269/1072/269 849/1075/849 1224/1293/1224
f 1224/1293/1224 849/1075/849 264/1080/264 765/1274/765
f 803/1294/803 1224/1293/1224 765/1274/765 227/1273/227
f 221/1267/221 759/1295/759 1225/1296/1225 760/1268/760
f 759/1295/759 252/1059/252 843/1297/843 1225/1296/1225
f 1225/1296/1225 843/1297/843 270/1060/270 850/1067/850
f 760/1268/760 1225/1296/1225 850/1067/850 262/1066/262
f 252/1059/252 813/1057/813 1226/1298/1226 843/1297/843
f 813/1057/813 222/1056/222 836/1299/836 1226/1298/1226
f 1226/1298/1226 836/1299/836 263/1064/263 851/1061/851
f 843/1297/843 1226/1298/1226 851/1061/851 270/1060/270
f 290/1300/290 899/1301/899 1227/1302/1227 889/1303/889
f 899/1301/899 289/1304/289 858/1305/858 1227/1302/1227
f 1227/1302/1227 858/1305/858 272/1306/272 856/1307/856
f 889/1303/889 1227/1302/1227 856/1307/856 275/1308/275
f 292/1309/292 898/1310/898 1228/1311/1228 891/1312/891
f 898/1313/898 291/1314/291 860/1315/860 1228/1316/1228
f 1228/1316/1228 860/1315/860 274/1317/274 854/1318/854
f 891/1312/891 1228/1311/1228 854/1319/854 273/1320/273
f 289/1304/289 897/1321/897 1229/1322/1229 858/1305/858
f 897/1323/897 293/1324/293 862/1325/862 1229/1326/1229
f 1229/1326/1229 862/1325/862 271/1327/271 852/1328/852
f 858/1305/858 1229/1322/1229 852/1329/852 272/1306/272
f 293/1324/293 896/1330/896 1230/1331/1230 862/1325/862
f 896/1330/896 294/1332/294 863/1333/863 1230/1331/1230
f 1230/1331/1230 863/1333/863 276/1334/276 855/1335/855
f 862/1325/862 1230/1331/1230 855/1335/855 271/1327/271
f 294/1332/294 895/1336/895 1231/1337/1231 863/1333/863
f 895/1336/895 292/1309/292 891/1312/891 1231/1337/1231
f 1231/1337/1231 891/1312/891 273/1320/273 857/1338/857
f 863/1333/863 1231/1337/1231 857/1338/857 276/1334/276
f 291/1314/291 894/1339/894 1232/1340/1232 860/1315/860
f 894/1339/894 290/1300/290 889/1303/889 1232/1340/1232
f 1232/1340/1232 889/1303/889 275/1308/275 853/1341/853
f 860/1315/860 1232/1340/1232 853/1341/853 274/1317/274
f 272/1306/272 852/1329/852 1233/1342/1233 871/1343/871
f 852/1328/852 271/1327/271 870/1344/870 1233/1345/1233
f 1233/1345/1233 870/1344/870 277/1346/277 864/1347/864
f 871/1343/871 1233/1342/1233 864/1348/864 278/1349/278
f 276/1334/276 857/1338/857 1234/1350/1234 873/1351/873
f 857/1338/857 273/1320/273 872/1352/872 1234/1350/1234
f 1234/1350/1234 872/1352/872 279/1353/279 869/1354/869
f 873/1351/873 1234/1350/1234 869/1354/869 282/1355/282
f 271/1327/271 855/1335/855 1235/1356/1235 870/1344/870
f 855/1335/855 276/1334/276 873/1351/873 1235/1356/1235
f 1235/1356/1235 873/1351/873 282/1355/282 867/1357/867
f 870/1344/870 1235/1356/1235 867/1357/867 277/1346/277
f 274/1317/274 853/1341/853 1236/1358/1236 875/1359/875
f 853/1341/853 275/1308/275 874/1360/874 1236/1358/1236
f 1236/1358/1236 874/1360/874 281/1361/281 865/1362/865
f 875/1359/875 1236/1358/1236 865/1362/865 280/1363/280
f 275/1308/275 856/1307/856 1237/1364/1237 874/1360/874
f 856/1307/856 272/1306/272 871/1343/871 1237/1364/1237
f 1237/1364/1237 871/1343/871 278/1349/278 868/1365/868
f 874/1360/874 1237/1364/1237 868/1365/868 281/1361/281
f 273/1320/273 854/1319/854 1238/1366/1238 872/1352/872
f 854/1318/854 274/1317/274 875/1359/875 1238/1367/1238
f 1238/1367/1238 875/1359/875 280/1363/280 866/1368/866
f 872/1352/872 1238/1366/1238 866/1369/866 279/1353/279
f 238/1284/238 793/1283/793 1239/1370/1239 787/1371/787
f 793/1283/793 267/1203/267 881/1372/881 1239/1370/1239
f 1239/1370/1239 881/1372/881 288/1144/288 882/1286/882
f 787/1371/787 1239/1370/1239 882/1286/882 285/1285/285
f 240/1184/240 792/1259/792 1240/1373/1240 789/1374/789
f 792/1259/792 258/1199/258 880/1375/880 1240/1373/1240
f 1240/1373/1240 880/1375/880 287/1153/287 883/1260/883
f 789/1374/789 1240/1373/1240 883/1260/883 286/1174/286
f 237/1187/237 790/1186/790 1241/1376/1241 876/1377/876
f 790/1185/790 240/1184/240 789/1374/789 1241/1378/1241
f 1241/1378/1241 789/1374/789 286/1174/286 884/1173/884
f 876/1377/876 1241/1376/1241 884/1171/884 283/1148/283
f 239/1193/239 791/1192/791 1242/1379/1242 877/1380/877
f 791/1192/791 238/1191/238 787/1381/787 1242/1379/1242
f 1242/1379/1242 787/1381/787 285/1166/285 885/1163/885
f 877/1380/877 1242/1379/1242 885/1163/885 284/1162/284
f 258/1199/258 823/1198/823 1243/1382/1243 880/1375/880
f 823/1198/823 239/1197/239 877/1383/877 1243/1382/1243
f 1243/1382/1243 877/1383/877 284/1157/284 886/1154/886
f 880/1375/880 1243/1382/1243 886/1154/886 287/1153/287
f 267/1203/267 840/1202/840 1244/1384/1244 881/1372/881
f 840/1202/840 237/1187/237 876/1377/876 1244/1384/1244
f 1244/1384/1244 876/1377/876 283/1148/283 887/1145/887
f 881/1372/881 1244/1384/1244 887/1145/887 288/1144/288
f 224/1048/224 755/1047/755 1245/1385/1245 890/1386/890
f 755/1047/755 254/1046/254 859/1387/859 1245/1385/1245
f 1245/1385/1245 859/1387/859 290/1300/290 894/1339/894
f 890/1386/890 1245/1385/1245 894/1339/894 291/1314/291
f 263/1064/263 836/1299/836 1246/1388/1246 893/1389/893
f 836/1299/836 222/1056/222 861/1390/861 1246/1388/1246
f 1246/1388/1246 861/1390/861 292/1309/292 895/1336/895
f 893/1389/893 1246/1388/1246 895/1336/895 294/1332/294
f 218/1034/218 761/1065/761 1247/1391/1247 892/1392/892
f 761/1065/761 263/1064/263 893/1389/893 1247/1391/1247
f 1247/1391/1247 893/1389/893 294/1332/294 896/1330/896
f 892/1392/892 1247/1391/1247 896/1330/896 293/1324/293
f 220/1038/220 752/1037/752 1248/1393/1248 888/1394/888
f 752/1035/752 218/1034/218 892/1392/892 1248/1395/1248
f 1248/1395/1248 892/1392/892 293/1324/293 897/1323/897
f 888/1394/888 1248/1393/1248 897/1321/897 289/1304/289
f 222/1056/222 758/1055/758 1249/1396/1249 861/1390/861
f 758/1053/758 224/1048/224 890/1386/890 1249/1397/1249
f 1249/1397/1249 890/1386/890 291/1314/291 898/1313/898
f 861/1390/861 1249/1396/1249 898/1310/898 292/1309/292
f 254/1046/254 819/1266/819 1250/1398/1250 859/1387/859
f 819/1266/819 220/1038/220 888/1394/888 1250/1398/1250
f 1250/1398/1250 888/1394/888 289/1304/289 899/1301/899
f 859/1387/859 1250/1398/1250 899/1301/899 290/1300/290
f 303/1399/303 901/1400/901 1251/1401/1251 919/1402/919
f 901/1400/901 296/1403/296 902/1404/902 1251/1401/1251
f 1251/1405/1251 902/1406/902 298/1407/298 913/1408/913
f 919/1409/919 1251/1405/1251 913/1408/913 304/1410/304
f 312/1411/312 930/1412/930 1252/1413/1252 918/1414/918
f 930/1412/930 308/1415/308 905/1416/905 1252/1413/1252
f 1252/1413/1252 905/1416/905 302/1417/302 914/1418/914
f 918/1414/918 1252/1413/1252 914/1418/914 305/1419/305
f 305/1419/305 914/1418/914 1253/1420/1253 917/1421/917
f 914/1418/914 302/1417/302 908/1422/908 1253/1420/1253
f 1253/1423/1253 908/1424/908 300/1425/300 915/1426/915
f 917/1427/917 1253/1423/1253 915/1426/915 306/1428/306
f 311/1429/311 929/1430/929 1254/1431/1254 916/1432/916
f 929/1430/929 310/1433/310 911/1434/911 1254/1431/1254
f 1254/1431/1254 911/1434/911 296/1403/296 901/1400/901
f 916/1432/916 1254/1431/1254 901/1400/901 303/1399/303
f 307/1435/307 920/1436/920 1255/1437/1255 928/1438/928
f 920/1436/920 301/1439/301 907/1440/907 1255/1437/1255
f 1255/1437/1255 907/1440/907 299/1441/299 910/1442/910
f 928/1438/928 1255/1437/1255 910/1442/910 309/1443/309
f 297/1444/297 903/1445/903 1256/1446/1256 904/1447/904
f 903/1445/903 304/1410/304 925/1448/925 1256/1446/1256
f 1256/1446/1256 925/1448/925 312/1411/312 926/1449/926
f 904/1447/904 1256/1446/1256 926/1449/926 307/1450/307
f 309/1451/309 927/1452/927 1257/1453/1257 922/1454/922
f 927/1452/927 311/1429/311 916/1432/916 1257/1453/1257
f 1257/1453/1257 916/1432/916 303/1399/303 912/1455/912
f 922/1454/922 1257/1453/1257 912/1455/912 295/1456/295
f 301/1457/301 906/1458/906 1258/1459/1258 907/1460/907
f 906/1458/906 305/1419/305 917/1421/917 1258/1459/1258
f 1258/1461/1258 917/1427/917 306/1428/306 909/1462/909
f 907/1463/907 1258/1461/1258 909/1462/909 299/1464/299
f 307/1450/307 926/1449/926 1259/1465/1259 920/1466/920
f 926/1449/926 312/1411/312 918/1414/918 1259/1465/1259
f 1259/1465/1259 918/1414/918 305/1419/305 906/1458/906
f 920/1466/920 1259/1465/1259 906/1458/906 301/1457/301
f 295/1456/295 912/1455/912 1260/1467/1260 900/1468/900
f 912/1455/912 303/1399/303 919/1402/919 1260/1467/1260
f 1260/1469/1260 919/1409/919 304/1410/304 903/1445/903
f 900/1470/900 1260/1469/1260 903/1445/903 297/1444/297
f 299/1464/299 909/1462/909 1261/1471/1261 910/1472/910
f 909/1462/909 306/1428/306 924/1473/924 1261/1471/1261
f 1261/1471/1261 924/1473/924 311/1429/311 927/1452/927
f 910/1472/910 1261/1471/1261 927/1452/927 309/1451/309
f 297/1474/297 904/1475/904 1262/1476/1262 900/1477/900
f 904/1475/904 307/1435/307 928/1438/928 1262/1476/1262
f 1262/1476/1262 928/1438/928 309/1443/309 922/1478/922
f 900/1477/900 1262/1476/1262 922/1478/922 295/1479/295
f 306/1428/306 915/1426/915 1263/1480/1263 924/1473/924
f 915/1426/915 300/1425/300 923/1481/923 1263/1480/1263
f 1263/1480/1263 923/1481/923 310/1433/310 929/1430/929
f 924/1473/924 1263/1480/1263 929/1430/929 311/1429/311
f 304/1410/304 913/1408/913 1264/1482/1264 925/1448/925
f 913/1408/913 298/1407/298 921/1483/921 1264/1482/1264
f 1264/1482/1264 921/1483/921 308/1415/308 930/1412/930
f 925/1448/925 1264/1482/1264 930/1412/930 312/1411/312
f 298/1407/298 902/1406/902 1265/1484/1265 938/1485/938
f 902/1404/902 296/1403/296 937/1486/937 1265/1487/1265
f 1265/1487/1265 937/1486/937 313/1488/313 931/1489/931
f 938/1485/938 1265/1484/1265 931/1490/931 314/1491/314
f 296/1403/296 911/1434/911 1266/1492/1266 937/1486/937
f 911/1434/911 310/1433/310 939/1493/939 1266/1492/1266
f 1266/1492/1266 939/1493/939 318/1494/318 934/1495/934
f 937/1486/937 1266/1492/1266 934/1495/934 313/1488/313
f 302/1417/302 905/1416/905 1267/1496/1267 941/1497/941
f 905/1416/905 308/1415/308 940/1498/940 1267/1496/1267
f 1267/1496/1267 940/1498/940 317/1499/317 932/1500/932
f 941/1497/941 1267/1496/1267 932/1500/932 316/1501/316
f 310/1433/310 923/1481/923 1268/1502/1268 939/1493/939
f 923/1481/923 300/1425/300 942/1503/942 1268/1502/1268
f 1268/1502/1268 942/1503/942 315/1504/315 936/1505/936
f 939/1493/939 1268/1502/1268 936/1505/936 318/1494/318
f 308/1415/308 921/1483/921 1269/1506/1269 940/1498/940
f 921/1483/921 298/1407/298 938/1485/938 1269/1506/1269
f 1269/1506/1269 938/1485/938 314/1491/314 935/1507/935
f 940/1498/940 1269/1506/1269 935/1507/935 317/1499/317
f 300/1425/300 908/1424/908 1270/1508/1270 942/1503/942
f 908/1422/908 302/1417/302 941/1497/941 1270/1509/1270
f 1270/1509/1270 941/1497/941 316/1501/316 933/1510/933
f 942/1503/942 1270/1508/1270 933/1511/933 315/1504/315
f 317/1499/317 935/1507/935 1271/1512/1271 950/1513/950
f 935/1507/935 314/1491/314 949/1514/949 1271/1512/1271
f 1271/1512/1271 949/1514/949 320/1515/320 947/1516/947
f 950/1513/950 1271/1512/1271 947/1516/947 323/1517/323
f 315/1504/315 933/1511/933 1272/1518/1272 952/1519/952
f 933/1510/933 316/1501/316 951/1520/951 1272/1521/1272
f 1272/1521/1272 951/1520/951 322/1522/322 945/1523/945
f 952/1519/952 1272/1518/1272 945/1524/945 321/1525/321
f 314/1491/314 931/1490/931 1273/1526/1273 949/1514/949
f 931/1489/931 313/1488/313 953/1527/953 1273/1528/1273
f 1273/1528/1273 953/1527/953 319/1529/319 943/1530/943
f 949/1514/949 1273/1526/1273 943/1531/943 320/1515/320
f 318/1494/318 936/1505/936 1274/1532/1274 954/1533/954
f 936/1505/936 315/1504/315 952/1519/952 1274/1532/1274
f 1274/1532/1274 952/1519/952 321/1525/321 948/1534/948
f 954/1533/954 1274/1532/1274 948/1534/948 324/1535/324
f 313/1488/313 934/1495/934 1275/1536/1275 953/1527/953
f 934/1495/934 318/1494/318 954/1533/954 1275/1536/1275
f 1275/1536/1275 954/1533/954 324/1535/324 946/1537/946
f 953/1527/953 1275/1536/1275 946/1537/946 319/1529/319
f 316/1501/316 932/1500/932 1276/1538/1276 951/1520/951
f 932/1500/932 317/1499/317 950/1513/950 1276/1538/1276
f 1276/1538/1276 950/1513/950 323/1517/323 944/1539/944
f 951/1520/951 1276/1538/1276 944/1539/944 322/1522/322
f 324/1535/324 948/1534/948 1277/1540/1277 962/1541/962
f 948/1534/948 321/1525/321 961/1542/961 1277/1540/1277
f 1277/1540/1277 961/1542/961 327/1543/327 960/1544/960
f 962/1541/962 1277/1540/1277 960/1544/960 330/1545/330
f 319/1529/319 946/1537/946 1278/1546/1278 963/1547/963
f 946/1537/946 324/1535/324 962/1541/962 1278/1546/1278
f 1278/1546/1278 962/1541/962 330/1545/330 958/1548/958
f 963/1547/963 1278/1546/1278 958/1548/958 325/1549/325
f 322/1522/322 944/1539/944 1279/1550/1279 965/1551/965
f 944/1539/944 323/1517/323 964/1552/964 1279/1550/1279
f 1279/1550/1279 964/1552/964 329/1553/329 956/1554/956
f 965/1551/965 1279/1550/1279 956/1554/956 328/1555/328
f 323/1517/323 947/1516/947 1280/1556/1280 964/1552/964
f 947/1516/947 320/1515/320 966/1557/966 1280/1556/1280
f 1280/1556/1280 966/1557/966 326/1558/326 959/1559/959
f 964/1552/964 1280/1556/1280 959/1559/959 329/1553/329
f 321/1525/321 945/1524/945 1281/1560/1281 961/1542/961
f 945/1523/945 322/1522/322 965/1551/965 1281/1561/1281
f 1281/1561/1281 965/1551/965 328/1555/328 957/1562/957
f 961/1542/961 1281/1560/1281 957/1563/957 327/1543/327
f 320/1515/320 943/1531/943 1282/1564/1282 966/1557/966
f 943/1530/943 319/1529/319 963/1547/963 1282/1565/1282
f 1282/1565/1282 963/1547/963 325/1549/325 955/1566/955
f 966/1557/966 1282/1564/1282 955/1567/955 326/1558/326
f 329/1553/329 959/1559/959 1283/1568/1283 974/1569/974
f 959/1559/959 326/1558/326 973/1570/973 1283/1568/1283
f 1283/1568/1283 973/1570/973 332/1571/332 971/1572/971
f 974/1569/974 1283/1568/1283 971/1572/971 335/1573/335
f 327/1543/327 957/1563/957 1284/1574/1284 976/1575/976
f 957/1562/957 328/1555/328 975/1576/975 1284/1577/1284
f 1284/1577/1284 975/1576/975 334/1578/334 969/1579/969
f 976/1575/976 1284/1574/1284 969/1580/969 333/1581/333
f 326/1558/326 955/1567/955 1285/1582/1285 973/1570/973
f 955/1566/955 325/1549/325 977/1583/977 1285/1584/1285
f 1285/1584/1285 977/1583/977 331/1585/331 967/1586/967
f 973/1570/973 1285/1582/1285 967/1587/967 332/1571/332
f 330/1545/330 960/1544/960 1286/1588/1286 978/1589/978
f 960/1544/960 327/1543/327 976/1575/976 1286/1588/1286
f 1286/1588/1286 976/1575/976 333/1581/333 972/1590/972
f 978/1589/978 1286/1588/1286 972/1590/972 336/1591/336
f 325/1549/325 958/1548/958 1287/1592/1287 977/1583/977
f 958/1548/958 330/1545/330 978/1589/978 1287/1592/1287
f 1287/1592/1287 978/1589/978 336/1591/336 970/1593/970
f 977/1583/977 1287/1592/1287 970/1593/970 331/1585/331
f 328/1555/328 956/1554/956 1288/1594/1288 975/1576/975
f 956/1554/956 329/1553/329 974/1569/974 1288/1594/1288
f 1288/1594/1288 974/1569/974 335/1573/335 968/1595/968
f 975/1576/975 1288/1594/1288 968/1595/968 334/1578/334
